ars;kommune;bundesland;leistung;leika;gefunden;ebene;pvogName;gebuehrStrukturiert;gebuehrBetraege;gebuehrFehlt;onlineDienst;quelle;quelleFehlt;freigabeStelle;freigabeDatum;pvogStand;fehler
020000000000;Hamburg;Hamburg;abgeschlossenheitsbescheinigung;99012002012000;true;landesweit;Abgeschlossenheitsbescheinigung beantragen;true;9 / 400;false;;https://www.hamburg.de/service/info/hasi/6972;false;Dezernat 4 Leitung (Bergedorf);2024-06-06;2026-10-02T17:10:29.439Z;
020000000000;Hamburg;Hamburg;anerkennung-berufsabschluss;99019003016000;false;;;false;;true;;;true;;;;
020000000000;Hamburg;Hamburg;arbeitslosengeld;99038001017000;true;bundesweit;Arbeitslosengeld beantragen;true;;false;https://www.arbeitsagentur.de/link/ozg3-078;https://fimportal.de/detail/L/99038001017000;false;Bundesministerium für Arbeit und Soziales (BMAS);2022-06-10;2025-09-09T09:33:51.786Z;
020000000000;Hamburg;Hamburg;auslaender-aufenthaltserlaubnis;99010019020001;true;landesweit;Aufenthaltserlaubnis zum Zweck der Ausbildung Verlängerung oder Änderung beantragen;false;93 / 46.5;false;https://serviceportal.hamburg.de/HamburgGateway/Service/Entry/AFM_Aufgen;https://www.hamburg.de/service/info/hasi/13074;false;Fachmanagement (Hamburg Service);2025-09-02;2026-10-02T17:10:29.439Z;
020000000000;Hamburg;Hamburg;ausweis-verlust;99008001014002;false;;;false;;true;;;true;;;;
020000000000;Hamburg;Hamburg;bafoeg;99022001017003;true;landesweit;Ausbildungsförderung (BAföG) für Studierende Beratung im Studierendenwerk Hamburg erhalten;false;;false;https://serviceportal.hamburg.de/HamburgGateway/Service/Entry/BAFOEG;https://www.hamburg.de/service/info/hasi/127;false;BAföG FV FL;2026-02-18;2026-10-02T17:10:29.439Z;
020000000000;Hamburg;Hamburg;bauantrag;99012070006001;true;landesweit;Baugenehmigung beantragen;false;;false;https://hh.digitalebaugenehmigung.de/hamburg/;https://www.hamburg.de/service/info/hasi/6973;false;Onlinedienst Digitale Baugenehmigung;2025-12-17;2026-10-02T17:10:29.439Z;
020000000000;Hamburg;Hamburg;baumfaellgenehmigung;99090023276000;false;;;false;;true;;;true;;;;
020000000000;Hamburg;Hamburg;bauvoranfrage;99012068006000;true;landesweit;Bauvorbescheid beantragen;false;66.84 / 10000;false;;https://www.hamburg.de/service/info/hasi/6999;false;Dezernat 4 Leitung (Bergedorf);2024-03-08;2026-10-02T17:10:29.439Z;
020000000000;Hamburg;Hamburg;bewohnerparkausweis;99108001001000;true;landesweit;Bewohnerparkausweis beantragen und verlängern;false;70 / 90 / 10;false;https://serviceportal.hamburg.de/HamburgGateway/Service/Entry?id=BPARKEN2&location=020000000000;https://www.hamburg.de/service/info/hasi/9679;false;Verkehrsmanagement (LBV);2024-05-22;2026-10-02T17:10:29.439Z;
020000000000;Hamburg;Hamburg;buergergeld;99107108017000;true;landesweit;Bürgergeld beantragen;false;;false;https://www.arbeitsagentur.de/arbeitslos-arbeit-finden/buergergeld/buergergeld-beantragen;https://www.hamburg.de/service/info/hasi/12277;false;IT-Service (Sozialbehörde);2025-12-05;2026-10-02T17:10:29.439Z;
020000000000;Hamburg;Hamburg;ehefaehigkeitszeugnis;99059002012000;true;landesweit;Ehefähigkeitszeugnis ausstellen lassen;false;72.5 / 124.5;false;https://standesamtstermine.hamburg.de/de/Standesamt-Hamburg-Termine-online-buchen-151.html;https://www.hamburg.de/service/info/hasi/326;false;Standesamt (Harburg);2025-02-25;2026-10-02T17:10:29.439Z;
020000000000;Hamburg;Hamburg;eheschliessung;99059001104000;true;landesweit;Heirat anmelden;false;74.5;false;https://standesamtstermine.hamburg.de/de/Standesamt-Hamburg-Termine-online-buchen-151.html;https://www.hamburg.de/service/info/hasi/12394;false;Standesamt (Harburg);2025-02-25;2026-10-02T17:10:29.439Z;
020000000000;Hamburg;Hamburg;eid-online-ausweisfunktion;99008004180000;true;landesweit;Elektronischer Identitätsnachweis Allgemeine Information;true;;false;;https://www.hamburg.de/service/info/hasi/13565;false;Fachmanagement (Hamburg Service);2025-10-15;2026-10-02T17:10:29.439Z;
020000000000;Hamburg;Hamburg;einbuergerung;99099002067000;true;bundesweit;Einbürgerung für ehemalige Deutsche im Ausland beantragen;true;255 / 51 / 25;false;https://verwaltung.bund.de/leistungsbeantragung/DE/leistung/99099002067001/herausgeber/LeiKa-102758197/region/000000000000;https://fimportal.de/detail/L/99099002067001;false;Bundesverwaltungsamt (BVA);2026-04-09;2026-07-17T17:05:20.557Z;
020000000000;Hamburg;Hamburg;einkommensteuererklaerung;99102008002000;true;landesweit;Einkommensteuer zahlen;true;;false;https://www.elster.de/eportal/start;https://www.hamburg.de/service/info/hasi/11551;false;Steuerverwaltung;2021-07-02;2026-10-02T17:10:29.439Z;
020000000000;Hamburg;Hamburg;elterngeld;99041006017000;true;landesweit;Elterngeld beantragen;true;;false;https://elterngeld-digital.de/ams/Elterngeld;https://www.hamburg.de/service/info/hasi/12223;false;Preising, Damaris;2022-11-01;2026-10-02T17:10:29.439Z;
020000000000;Hamburg;Hamburg;fischereischein;99042001012000;true;landesweit;Fischereischein beantragen;false;15 / 10;false;https://driveport.de/termine/?MA=1;https://www.hamburg.de/service/info/hasi/519;false;Fischereiabgabe;2024-08-14;2026-10-02T17:10:29.439Z;
020000000000;Hamburg;Hamburg;fuehrerschein-ersterteilung;99108047001001;true;landesweit;Führerschein beantragen;false;45.9 / 74.5;false;https://serviceportal.hamburg.de/HamburgGateway/Service/Entry/FEE;https://www.hamburg.de/service/info/hasi/9638;false;Landesbetrieb Verkehr (Führerschein);2024-10-04;2026-10-02T17:10:29.439Z;
020000000000;Hamburg;Hamburg;fuehrerschein-umtausch;99108049012001;true;landesweit;Alten Führerschein umtauschen;false;32.8 / 22.3;false;;https://www.hamburg.de/service/info/hasi/9644;false;Landesbetrieb Verkehr (Führerschein);2023-10-18;2026-10-02T17:10:29.439Z;
020000000000;Hamburg;Hamburg;fuehrerschein-verlust;99108049012005;true;landesweit;Führerschein nach Diebstahl oder Verlust ersetzen;false;48 / 79 / 22.3;false;;https://www.hamburg.de/service/info/hasi/9667;false;Landesbetrieb Verkehr (Führerschein);2025-11-12;2026-10-02T17:10:29.439Z;
020000000000;Hamburg;Hamburg;fuehrungszeugnis;99049001001000;true;landesweit;Führungszeugnis beantragen;false;13;false;https://www.fuehrungszeugnis.bund.de/ffw/form/display.do?%2524context=E784DF52A5886863DDA1;https://www.hamburg.de/service/info/hasi/2243;false;Fachmanagement (Hamburg Service);2024-07-30;2026-10-02T17:10:29.439Z;
020000000000;Hamburg;Hamburg;gaststaettenerlaubnis;99025002005000;true;landesweit;Gaststättenerlaubnis beantragen;false;580 / 680;false;;https://www.hamburg.de/service/info/hasi/5407;false;Verbraucherschutz (Altona);2022-01-19;2026-10-02T17:10:29.439Z;
020000000000;Hamburg;Hamburg;geburtsurkunde;99027002012000;true;landesweit;Geburtsurkunde oder Ausdruck aus dem Geburtenregister beantragen;false;19.5 / 8.5 / 47.5;false;https://serviceportal.hamburg.de/HamburgGateway/Service/Entry/xSTA;https://www.hamburg.de/service/info/hasi/15;false;Standesamt (Harburg);2025-07-24;2026-10-02T17:10:29.439Z;
020000000000;Hamburg;Hamburg;gewerbeabmeldung;99050012070000;true;landesweit;Gewerbe abmelden;false;15;false;https://serviceportal.hamburg.de/HamburgGateway/Service/Entry/GWR;https://www.hamburg.de/service/info/hasi/768;false;Verbraucherschutz (Altona);2024-06-26;2026-10-02T17:10:29.439Z;
020000000000;Hamburg;Hamburg;gewerbeanmeldung;99050012104000;true;landesweit;Gewerbe anmelden;true;25 / 15 / 20;false;https://serviceportal.hamburg.de/HamburgGateway/Service/Entry/GWR;https://www.hamburg.de/service/info/hasi/769;false;Verbraucherschutz (Altona);2024-06-26;2026-10-02T17:10:29.439Z;
020000000000;Hamburg;Hamburg;gewerbesteuer;99102010002000;true;landesweit;Gewerbesteuer bezahlen;true;;false;https://www.elster.de/eportal/start;https://www.hamburg.de/service/info/hasi/11554;false;Steuerverwaltung;2024-03-25;2026-10-02T17:10:29.439Z;
020000000000;Hamburg;Hamburg;gewerbeummeldung;99050012071000;true;landesweit;Gewerbe ummelden;true;25 / 15 / 20;false;https://serviceportal.hamburg.de/HamburgGateway/Service/Entry/GWR;https://www.hamburg.de/service/info/hasi/791;false;Verbraucherschutz (Altona);2024-06-26;2026-10-02T17:10:29.439Z;
020000000000;Hamburg;Hamburg;gewerbezentralregister;99052002109000;true;bundesweit;Auskunft aus dem Gewerbezentralregister beantragen;true;13;false;https://www.bundesjustizamt.de/DE/Themen/ZentraleRegister/Gewerbezentralregister/Gewerbezentralregister_node.html;https://fimportal.de/detail/L/99052002109000;false;Bundesministerium der Justiz und für Verbraucherschutz (BMJV);2026-05-27;2026-06-16T13:49:10.028Z;
020000000000;Hamburg;Hamburg;grundsteuer;99102012002000;false;;;false;;true;;;true;;;;
020000000000;Hamburg;Hamburg;halteverbotszone;99108011153000;true;landesweit;Halteverbotszone beantragen;false;30 / 200;false;https://serviceportal.hamburg.de/HamburgGateway/Service/Entry/SONNUSTR;https://www.hamburg.de/service/info/hasi/1683;false;Verkehr (BVM);2022-06-20;2026-10-02T17:10:29.439Z;
020000000000;Hamburg;Hamburg;hundesteuer;99102013104000;false;;;false;;true;;;true;;;;
020000000000;Hamburg;Hamburg;internationaler-fuehrerschein;99108062012000;true;landesweit;Internationalen Führerschein beantragen;false;16.9 / 3.5;false;;https://www.hamburg.de/service/info/hasi/9649;false;Landesbetrieb Verkehr (Führerschein);2023-11-06;2026-10-02T17:10:29.439Z;
020000000000;Hamburg;Hamburg;jagdschein;99067004001000;true;landesweit;Tagesjagdschein erstmalig beantragen;false;;false;https://serviceportal.hamburg.de/HamburgGateway/Service/Entry/AFM_JagSch;https://www.hamburg.de/service/info/hasi/12948;false;POL-waffenbehoerde;2022-11-26;2026-10-02T17:10:29.439Z;
020000000000;Hamburg;Hamburg;kfz-abmeldung;99036026017000;true;landesweit;Abmeldung (Außerbetriebsetzung) eines Fahrzeugs beantragen;false;16.5 / 2.6 / 10.2 / 31 / 30 / 40;false;https://www.behoerden-serviceportal.de/onlineantraege/onlineantrag?prozessKey=m40191.ab&oeId=S100002.OE.0000035624-0000296974&leistungId=99036026017000&p=020000;https://www.hamburg.de/service/info/hasi/9619;false;Kfz-Zulassung (LBV);2024-05-17;2026-10-02T17:10:29.439Z;
020000000000;Hamburg;Hamburg;kfz-zulassung;99036020001000;true;landesweit;Erstzulassung eines Fahrzeugs (Neuzulassung) beantragen;false;26.3 / 60;false;https://www.behoerden-serviceportal.de/onlineantraege/onlineantrag?prozessKey=m40191.zl&oeId=S100002.OE.0000035624-0000296974&leistungId=99036020001000&p=020000;https://www.hamburg.de/service/info/hasi/9620;false;Kfz-Zulassung (LBV);2024-06-25;2026-10-02T17:10:29.439Z;
020000000000;Hamburg;Hamburg;kindergeld;99041008017000;true;bundesweit;Kindergeld beantragen;false;;false;https://www.arbeitsagentur.de/familie-und-kinder/infos-rund-um-kindergeld/kindergeld-anspruch-hoehe-dauer/kindergeld-antrag-starten;https://fimportal.de/detail/L/99041008017000;false;Bundesministerium der Finanzen (BMF);2026-03-31;2026-04-02T08:52:52.904Z;
020000000000;Hamburg;Hamburg;meldebescheinigung;99115003012000;true;landesweit;Meldebestätigung erhalten;false;;false;https://serviceportal.gemeinsamonline.de/Onlinedienste/Service/Entry/EWA;https://www.hamburg.de/service/info/hasi/12170;false;Fachmanagement (Hamburg Service);2022-09-08;2026-10-02T17:10:29.439Z;
020000000000;Hamburg;Hamburg;mutterschutz;99107018017001;true;bundesweit;Mutterschaftsgeld als gesetzlich Krankenversicherte beantragen;false;;false;https://bundesportal.gkv-spitzenverband.de/?ID=21;https://fimportal.de/detail/L/99107018017001;false;Bundesministerium für Gesundheit (BMG);2025-08-13;2025-12-01T13:47:52.297Z;
020000000000;Hamburg;Hamburg;niederlassungserlaubnis;99010003001013;true;landesweit;Niederlassungserlaubnis für Familienangehörige von Deutschen beantragen;false;56.5;false;https://serviceportal.hamburg.de/HamburgGateway/Service/Entry/AFM_Aufgen;https://www.hamburg.de/service/info/hasi/12854;false;Fachmanagement (Hamburg Service);2025-07-22;2026-10-02T17:10:29.439Z;
020000000000;Hamburg;Hamburg;personalausweis;99008001012000;true;landesweit;Personalausweis beantragen;false;46 / 27.6 / 10 / 13;false;https://driveport.de/termine/?MA=1;https://www.hamburg.de/service/info/hasi/5805;false;Fachmanagement (Hamburg Service);2025-04-01;2026-10-02T17:10:29.439Z;
020000000000;Hamburg;Hamburg;personenstandsurkunde;99059004012000;true;landesweit;Eheurkunde Ausstellung;false;19.5 / 8.5 / 47.5;false;https://serviceportal.hamburg.de/HamburgGateway/Service/Entry/xSTA;https://www.hamburg.de/service/info/hasi/12109;false;Standesamt (Harburg);2024-03-24;2026-10-02T17:10:29.439Z;
020000000000;Hamburg;Hamburg;reisegewerbekarte;99050023005000;true;landesweit;Reisegewerbekarte beantragen;false;180 / 280 / 40 / 80 / 13;false;;https://www.hamburg.de/service/info/hasi/1809;false;Verbraucherschutz (Altona);2026-08-19;2026-10-02T17:10:29.439Z;
020000000000;Hamburg;Hamburg;reisepass;99085001012000;true;landesweit;Reisepass beantragen;false;37.5 / 70 / 22 / 32 / 26;false;https://driveport.de/termine/?MA=1;https://www.hamburg.de/service/info/hasi/2231;false;Fachmanagement (Hamburg Service);2024-04-25;2026-10-02T17:10:29.439Z;
020000000000;Hamburg;Hamburg;rente-altersrente;99114045017001;true;bundesweit;Regelaltersrente beantragen;false;;false;https://www.deutsche-rentenversicherung.de/DRV/DE/Online-Services/online-services_node.html;https://fimportal.de/detail/L/99114045017001;false;Bundesministerium für Arbeit und Soziales (BMAS);2022-07-13;2025-09-09T10:01:02.709Z;
020000000000;Hamburg;Hamburg;schuelerbefoerderung;99088011039000;true;landesweit;Schulweghilfe beantragen;true;;false;https://serviceportal.hamburg.de/HamburgGateway/Service/Entry?id=AFM_swh&location=020000000000;https://www.hamburg.de/service/info/hasi/3553;false;Schulweghilfe;;2026-10-02T17:10:29.439Z;
020000000000;Hamburg;Hamburg;schwerbehindertenausweis;99015007012000;true;landesweit;Schwerbehindertenausweis beantragen;true;;false;https://serviceportal.hamburg.de/HamburgGateway/Service/Entry/SchwebAn;https://www.hamburg.de/service/info/hasi/10122;false;ZfT 31 - Schwerbehindertenfeststellungen;2026-07-06;2026-10-02T17:10:29.439Z;
020000000000;Hamburg;Hamburg;schwerbehindertenparkausweis;99108009012000;false;;;false;;true;;;true;;;;
020000000000;Hamburg;Hamburg;sondernutzungserlaubnis;99053004006000;true;landesweit;Sondernutzungserlaubnis für öffentliche Grünflächen und Erholungsanlagen beantragen;false;;false;https://serviceportal.hamburg.de/HamburgGateway/Service/Entry/SONNUSTR;https://www.hamburg.de/service/info/hasi/12875;false;;2023-12-18;2026-10-02T17:10:29.439Z;
020000000000;Hamburg;Hamburg;sozialhilfe;99107009017000;true;landesweit;Sozialhilfe, Grundsicherung im Alter und bei dauerhafter Erwerbsminderung beantragen;true;;false;https://sozialplattform.de/de/leistung/grundsicherung-im-alter-antrag;https://www.hamburg.de/service/info/hasi/1041;false;Brückenkopf-Bezirke-GS;2025-05-20;2026-10-02T17:10:29.439Z;
020000000000;Hamburg;Hamburg;sterbefall;99101004012000;true;landesweit;Sterbeurkunde für einen Angehörigen beantragen;false;19.5 / 8.5;false;https://serviceportal.hamburg.de/HamburgGateway/Service/Entry/xSTA;https://www.hamburg.de/service/info/hasi/2002;false;Standesamt (Harburg);2025-07-24;2026-10-02T17:10:29.439Z;
020000000000;Hamburg;Hamburg;steuer-identifikationsnummer;99102064058000;true;bundesweit;Steuerliche Identifikationsnummer (IdNr) oder Kirchensteuerabzugsmerkmal (KiStAM) anfragen;false;;false;https://www.elster.de/bportal/start;https://fimportal.de/detail/L/99102064058000;false;Bundesministerium der Finanzen (BMF) im Auftrag des Einheitlichen Ansprechpartners der Länder (EAP);2022-03-03;2025-09-09T09:53:31.045Z;
020000000000;Hamburg;Hamburg;steuerliche-erfassung;99102019120000;true;landesweit;Unternehmen, Betrieb, Gewerbe oder selbstständige Tätigkeit zur Steuer anmelden;true;;false;;https://www.hamburg.de/service/info/hasi/9790;false;Steuerverwaltung;2024-10-07;2026-10-02T17:10:29.439Z;
020000000000;Hamburg;Hamburg;unterhaltsvorschuss;99107021017000;true;landesweit;Unterhaltsvorschuss für Kinder von Alleinerziehenden beantragen;true;;false;https://www.unterhaltsvorschuss-online.de/;https://www.hamburg.de/service/info/hasi/12351;false;ZUV6;2022-12-16;2026-10-02T17:10:29.439Z;
020000000000;Hamburg;Hamburg;vaterschaftsanerkennung;99133001026000;true;landesweit;Vaterschaft anerkennen;true;;false;;https://www.hamburg.de/service/info/hasi/12581;false;Beistandschaft (Wandsbek);2023-05-24;2026-10-02T17:10:29.439Z;
020000000000;Hamburg;Hamburg;veranstaltung-anmelden;99089016008000;true;landesweit;Versammlungen und Aufzüge anmelden;true;;false;https://serviceportal.gemeinsamonline.de/Onlinedienste/FVP/FV/BUND/Versammlungsanzeige;https://www.hamburg.de/service/info/hasi/12636;false;;2022-07-12;2026-10-02T17:10:29.439Z;
020000000000;Hamburg;Hamburg;verpflichtungserklaerung;99010005261000;true;landesweit;Verpflichtungserklärung für einen Kurzaufenthalt bis zu 90 Tage abgeben;false;29;false;https://driveport.de/termine/?MA=1;https://www.hamburg.de/service/info/hasi/2124;false;Fachmanagement (Hamburg Service);2025-10-24;2026-10-02T17:10:29.439Z;
020000000000;Hamburg;Hamburg;wohnberechtigungsschein;99107022012000;true;landesweit;Wohnberechtigungsbescheinigung beantragen;false;20.5;false;https://serviceportal.hamburg.de/HamburgGateway/Service/Entry/WOHNBERSCH;https://www.hamburg.de/service/info/hasi/2170;false;Wohnberechtigungsscheine (Eimsbüttel);2025-05-30;2026-10-02T17:10:29.439Z;
020000000000;Hamburg;Hamburg;wohngeld;99107023037000;true;landesweit;Wohngeld erstmalig oder neu beantragen;true;;false;https://serviceportal.gemeinsamonline.de/Onlinedienste/Service/Entry/WOGEMIZUEA;https://www.hamburg.de/service/info/hasi/12238;false;Brückenkopf-Bezirke-GS;2025-05-20;2026-10-02T17:10:29.439Z;
020000000000;Hamburg;Hamburg;wohnsitz-abmeldung;99115005070000;true;landesweit;Wohnung abmelden;true;;false;https://driveport.de/termine/?MA=1;https://www.hamburg.de/service/info/hasi/9392;false;IT-Service (Hamburg Service);2024-06-14;2026-10-02T17:10:29.439Z;
020000000000;Hamburg;Hamburg;wohnsitz-anmeldung;99115005104001;true;landesweit;Anmeldung der alleinigen Wohnung oder der Hauptwohnung;false;;false;https://serviceportal.gemeinsamonline.de/Onlinedienste/Service/Entry/EWA;https://www.hamburg.de/service/info/hasi/79;false;;2022-09-08;2026-10-02T17:10:29.439Z;
020000000000;Hamburg;Hamburg;wohnungsgeberbestaetigung;99115005104000;true;landesweit;Umzug nach Hamburg aus einem anderen Bundesland melden;false;16;false;https://serviceportal.gemeinsamonline.de/Onlinedienste/Service/Entry/EWA;https://www.hamburg.de/service/info/hasi/12125;false;Fachmanagement (Hamburg Service);2024-05-28;2026-10-02T17:10:29.439Z;
020000000000;Hamburg;Hamburg;wunschkennzeichen;99036049069000;true;landesweit;Wunschkennzeichen beantragen;false;2.6 / 10.2;false;https://www.behoerden-serviceportal.de/onlineantraege/onlineantrag?prozessKey=m40191.wk&oeId=S100002.OE.0000035624-0000296974&leistungId=99036049069000&p=020000;https://www.hamburg.de/service/info/hasi/9635;false;Kfz-Zulassung (LBV);2024-07-18;2026-10-02T17:10:29.439Z;
020000000000;Hamburg;Hamburg;zweitwohnungsteuer;99102017002000;true;landesweit;Erklärung zur Zweitwohnungsteuer abgeben;true;;false;;https://www.hamburg.de/service/info/hasi/13200;false;Steuerverwaltung;2024-06-24;2026-10-02T17:10:29.439Z;
040110000000;Bremen;Bremen;abgeschlossenheitsbescheinigung;99012002012000;true;kommunal;Abgeschlossenheitsbescheinigung nach dem Wohnungseigentumsgesetz beantragen;true;86 / 33;false;https://hb.digitalebaugenehmigung.de/bremen/de/antraege/od/abgeschlossenheitsbescheinigung.html;https://service.bremen.de/sixcms/detail.php?gsid=bremen128.c.42835.de;false;;2026-09-23;2026-09-23T07:22:27Z;
040110000000;Bremen;Bremen;anerkennung-berufsabschluss;99019003016000;false;;;false;;true;;;true;;;;
040110000000;Bremen;Bremen;arbeitslosengeld;99038001017000;true;bundesweit;Arbeitslosengeld beantragen;true;;false;https://www.arbeitsagentur.de/link/ozg3-078;https://fimportal.de/detail/L/99038001017000;false;Bundesministerium für Arbeit und Soziales (BMAS);2022-06-10;2025-09-09T09:33:51.786Z;
040110000000;Bremen;Bremen;auslaender-aufenthaltserlaubnis;99010019020001;true;kommunal;Aufenthaltserlaubnis zur betrieblichen Aus- und Weiterbildung verlängern;true;96 / 93 / 6;false;;https://service.bremen.de/sixcms/detail.php?gsid=bremen128.c.3755813.de;false;FHB, Migrationsamt;2026-08-13;2026-09-16T09:23:54Z;
040110000000;Bremen;Bremen;ausweis-verlust;99008001014002;false;;;false;;true;;;true;;;;
040110000000;Bremen;Bremen;bafoeg;99022001017003;true;kommunal;Ausbildungsförderung nach dem Bundesausbildungsförderungsgesetz (BAföG) beantragen - Studierende;true;;false;https://www.bafoeg-digital.de;https://service.bremen.de/sixcms/detail.php?gsid=bremen128.c.10028.de;false;;2026-09-21;2026-04-29T07:11:29Z;
040110000000;Bremen;Bremen;bauantrag;99012070006001;true;kommunal;Baugenehmigung für die Errichtung einer Anlage im vereinfachten Verfahren beantragen;false;;false;https://hb.digitalebaugenehmigung.de/bremen/de/antraege/od/vereinfachtesbaugenehmigungsverfahren.html;https://service.bremen.de/sixcms/detail.php?gsid=bremen128.c.2052778.de;false;;2026-09-23;2026-09-23T07:01:34Z;
040110000000;Bremen;Bremen;baumfaellgenehmigung;99090023276000;false;;;false;;true;;;true;;;;
040110000000;Bremen;Bremen;bauvoranfrage;99012068006000;true;kommunal;Bauvoranfrage stellen;false;;false;https://hb.digitalebaugenehmigung.de/bremen/de/antraege/od/bauvoranfrage.html;https://service.bremen.de/sixcms/detail.php?gsid=bremen128.c.2141748.de;false;;2026-09-23;2026-09-23T07:22:00Z;
040110000000;Bremen;Bremen;bewohnerparkausweis;99108001001000;true;kommunal;Sonderparkberechtigung für Bewohner:innen und Besucherkarten beantragen;true;75 / 150 / 10.2 / 25 / 11.5;false;https://onlinedienste.bremen.de/Onlinedienste/Service/Entry/AFM_BewPar;https://service.bremen.de/sixcms/detail.php?gsid=bremen128.c.9214.de;false;ASV Referat 32 Ausnahmegenehmigungen;2026-06-26;2026-09-01T07:42:05Z;
040110000000;Bremen;Bremen;buergergeld;99107108017000;true;bundesweit;Grundsicherungsgeld beantragen;true;;false;https://www.arbeitsagentur.de/link/ozg2-094;https://fimportal.de/detail/L/99107108017000;false;Bundesministerium für Arbeit und Soziales (BMAS);2026-02-09;2026-09-21T14:30:08.090Z;
040110000000;Bremen;Bremen;ehefaehigkeitszeugnis;99059002012000;true;kommunal;Ehe: Ehefähigkeitszeugnis beantragen;true;57 / 96 / 143 / 36;false;;https://service.bremen.de/sixcms/detail.php?gsid=bremen128.c.9241.de;false;;2026-09-21;2026-04-29T08:24:40Z;
040110000000;Bremen;Bremen;eheschliessung;99059001104000;true;kommunal;Ehe: Heirat anmelden;true;57 / 96 / 143 / 191 / 29 / 72 / 36 / 127 / 15;false;https://portal-civ-brd.ekom21.de/civ-brd.public/start.html?oe=00.00.StA.BREMI&mode=cc&cc_key=VoranmeldungEheschliessung;https://service.bremen.de/sixcms/detail.php?gsid=bremen128.c.500168.de;false;Senatorin für Inneres und Sport, Standesamt Bremen;2026-09-21;2026-08-31T13:03:56Z;
040110000000;Bremen;Bremen;eid-online-ausweisfunktion;99008004180000;false;;;false;;true;;;true;;;;
040110000000;Bremen;Bremen;einbuergerung;99099002067000;true;kommunal;Einbürgerung auf Grund von Ehe oder eingetragener Lebenspartnerschaft mit einer Person, die die deutsche Staatsangehörigkeit hat, beantragen;true;255 / 51;false;;https://service.bremen.de/sixcms/detail.php?gsid=bremen128.c.3565724.de;false;FHB, Migrationsamt Bremen;2026-04-28;2026-07-23T13:45:52Z;
040110000000;Bremen;Bremen;einkommensteuererklaerung;99102008002000;true;kommunal;Einkommensteuererklärung einreichen;true;;false;https://www.elster.de/eportal/start;https://service.bremen.de/sixcms/detail.php?gsid=bremen128.c.21946.de;false;;2026-09-21;2026-04-29T08:47:37Z;
040110000000;Bremen;Bremen;elterngeld;99041006017000;true;kommunal;Elterngeld beantragen;true;;false;https://www.elterngeld-digital.de/ams/Elterngeld;https://service.bremen.de/sixcms/detail.php?gsid=bremen128.c.9168.de;false;;2026-09-04;2026-08-18T07:00:11Z;
040110000000;Bremen;Bremen;fischereischein;99042001012000;true;kommunal;Fischereischein beantragen;true;64 / 20;false;;https://service.bremen.de/sixcms/detail.php?gsid=bremen128.c.46736.de;false;;2026-09-21;2026-04-30T06:02:17Z;
040110000000;Bremen;Bremen;fuehrerschein-ersterteilung;99108047001001;true;kommunal;Führerschein beantragen/Ersterteilung;true;45.9 / 45.1;false;;https://service.bremen.de/sixcms/detail.php?gsid=bremen128.c.9347.de;false;;2026-09-21;2026-04-29T11:14:31Z;
040110000000;Bremen;Bremen;fuehrerschein-umtausch;99108049012001;true;kommunal;Alten Führerschein in neuen Führerschein umtauschen;true;25.3 / 34.14 / 31.5 / 6;false;;https://service.bremen.de/sixcms/detail.php?gsid=bremen128.c.1088909.de;false;;2025-12-30;2026-07-30T11:10:32Z;
040110000000;Bremen;Bremen;fuehrerschein-verlust;99108049012005;true;kommunal;Führerschein ersetzen (Diebstahl / Verlust);true;44.3 / 35.34;false;;https://service.bremen.de/sixcms/detail.php?gsid=bremen128.c.9103.de;false;;2026-09-21;2026-04-30T06:21:22Z;
040110000000;Bremen;Bremen;fuehrungszeugnis;99049001001000;true;bundesweit;Führungszeugnis beantragen;true;13;false;https://www.fuehrungszeugnis.bund.de/;https://fimportal.de/detail/L/99049001001000;false;Bundesministerium der Justiz (BMJ);2024-06-10;2026-07-16T10:01:00.430Z;
040110000000;Bremen;Bremen;gaststaettenerlaubnis;99025002005000;true;kommunal;Gaststättenerlaubnis beantragen;true;459;false;;https://service.bremen.de/sixcms/detail.php?gsid=bremen128.c.379265.de;false;;2026-09-24;2026-09-24T08:21:16Z;
040110000000;Bremen;Bremen;geburtsurkunde;99027002012000;true;kommunal;Ausstellen einer Geburtsurkunde beantragen;true;15 / 8;false;;https://service.bremen.de/sixcms/detail.php?gsid=bremen128.c.3380145.de;false;Die Senatorin für Inneres und Sport, Standesamt Bremen;2026-02-20;2026-07-20T06:12:40Z;
040110000000;Bremen;Bremen;gewerbeabmeldung;99050012070000;true;kommunal;Gewerbe abmelden;true;;false;https://gewerbeauskunft.bremen.de/;https://service.bremen.de/sixcms/detail.php?gsid=bremen128.c.9411.de;false;;2026-01-14;2026-04-30T06:34:44Z;
040110000000;Bremen;Bremen;gewerbeanmeldung;99050012104000;true;kommunal;Gewerbe anmelden;true;38;false;https://gewerbeauskunft.bremen.de/;https://service.bremen.de/sixcms/detail.php?gsid=bremen128.c.3345408.de;false;;2026-01-07;2026-04-30T06:35:59Z;
040110000000;Bremen;Bremen;gewerbesteuer;99102010002000;true;kommunal;Gewerbesteuer bezahlen;true;;false;https://www.elster.de/eportal/start;https://service.bremen.de/sixcms/detail.php?gsid=bremen128.c.3008432.de;false;;2026-09-21;2026-08-24T09:17:29Z;
040110000000;Bremen;Bremen;gewerbeummeldung;99050012071000;true;kommunal;Gewerbe ummelden;true;21;false;https://gewerbeauskunft.bremen.de/;https://service.bremen.de/sixcms/detail.php?gsid=bremen128.c.10179.de;false;;2026-01-14;2026-05-19T08:30:40Z;
040110000000;Bremen;Bremen;gewerbezentralregister;99052002109000;true;bundesweit;Auskunft aus dem Gewerbezentralregister beantragen;true;13;false;https://www.bundesjustizamt.de/DE/Themen/ZentraleRegister/Gewerbezentralregister/Gewerbezentralregister_node.html;https://fimportal.de/detail/L/99052002109000;false;Bundesministerium der Justiz und für Verbraucherschutz (BMJV);2026-05-27;2026-06-16T13:49:10.028Z;
040110000000;Bremen;Bremen;grundsteuer;99102012002000;true;kommunal;Allgemeines zur Grundsteuer;true;;false;https://www.elster.de/eportal/wizard/seq/steuerlichenachricht-1/eingabe;https://service.bremen.de/sixcms/detail.php?gsid=bremen128.c.283394.de;false;FHB, Finanzamt;2026-09-16;2026-09-18T12:15:13Z;
040110000000;Bremen;Bremen;halteverbotszone;99108011153000;true;kommunal;Ausnahmegenehmigung für Umzüge beantragen;false;;true;;https://service.bremen.de/sixcms/detail.php?gsid=bremen128.c.504271.de;false;;2026-09-21;2026-07-29T06:01:22Z;
040110000000;Bremen;Bremen;hundesteuer;99102013104000;true;kommunal;Hundesteuer: Hund anmelden;true;150;false;https://www.elster.de/eportal/formulare-leistungen/alleformulare/hustanmeldunghb;https://service.bremen.de/sixcms/detail.php?gsid=bremen128.c.21962.de;false;;2026-09-14;2026-09-14T12:10:58Z;
040110000000;Bremen;Bremen;internationaler-fuehrerschein;99108062012000;true;kommunal;Internationalen Führerschein beantragen;true;16.3;false;;https://service.bremen.de/sixcms/detail.php?gsid=bremen128.c.9093.de;false;;2026-09-21;2026-07-30T11:10:54Z;
040110000000;Bremen;Bremen;jagdschein;99067004001000;true;kommunal;Jagdschein erstmalig beantragen;false;;false;;https://service.bremen.de/sixcms/detail.php?gsid=bremen128.c.3492923.de;false;FHB, Ordnungsamt;2026-03-30;2026-06-08T10:11:46Z;
040110000000;Bremen;Bremen;kfz-abmeldung;99036026017000;true;kommunal;Kraftfahrzeug abmelden (wegen Diebstahl bzw. Unterschlagung);true;7.8;false;;https://service.bremen.de/sixcms/detail.php?gsid=bremen128.c.99797.de;false;;2026-09-21;2026-03-26T11:20:48Z;
040110000000;Bremen;Bremen;kfz-zulassung;99036020001000;true;kommunal;Kraftfahrzeug anmelden;true;30.6;false;https://i-kfz.regioit.de/i4/ikfz4/?LICENSEIDENTIFIER=bremen_stadt;https://service.bremen.de/sixcms/detail.php?gsid=bremen128.c.18506.de;false;;2026-09-16;2026-09-16T13:42:54Z;
040110000000;Bremen;Bremen;kindergeld;99041008017000;true;bundesweit;Kindergeld beantragen;false;;false;https://www.arbeitsagentur.de/familie-und-kinder/infos-rund-um-kindergeld/kindergeld-anspruch-hoehe-dauer/kindergeld-antrag-starten;https://fimportal.de/detail/L/99041008017000;false;Bundesministerium der Finanzen (BMF);2026-03-31;2026-04-02T08:52:52.904Z;
040110000000;Bremen;Bremen;meldebescheinigung;99115003012000;false;;;false;;true;;;true;;;;
040110000000;Bremen;Bremen;mutterschutz;99107018017001;true;bundesweit;Mutterschaftsgeld als gesetzlich Krankenversicherte beantragen;false;;false;https://bundesportal.gkv-spitzenverband.de/?ID=21;https://fimportal.de/detail/L/99107018017001;false;Bundesministerium für Gesundheit (BMG);2025-08-13;2025-12-01T13:47:52.297Z;
040110000000;Bremen;Bremen;niederlassungserlaubnis;99010003001013;true;kommunal;Niederlassungserlaubnis beantragen;false;;false;;https://service.bremen.de/sixcms/detail.php?gsid=bremen128.c.754446.de;false;;2026-09-21;2026-07-24T10:51:03Z;
040110000000;Bremen;Bremen;personalausweis;99008001012000;true;kommunal;Personalausweis beantragen;true;46 / 27.6 / 6 / 15 / 13;false;https://www.landesmelderegister.bremen.de/olav/passpa?mbom=4011000;https://service.bremen.de/sixcms/detail.php?gsid=bremen128.c.9871.de;false;FHB Senatorin für Inneres und Sport;2026-03-06;2026-08-06T06:11:24Z;
040110000000;Bremen;Bremen;personenstandsurkunde;99059004012000;true;kommunal;Ausstellen einer Eheurkunde beantragen;true;15 / 8;false;;https://service.bremen.de/sixcms/detail.php?gsid=bremen128.c.3380400.de;false;Die Senatorin für Inneres und Sport, Standesamt Bremen;2026-02-19;2026-03-04T10:02:56Z;
040110000000;Bremen;Bremen;reisegewerbekarte;99050023005000;true;kommunal;Reisegewerbekarte beantragen;true;151;false;https://onlinedienste.wirtschaft.bremen.de/metaform/Form-Solutions/sid/assistant/6a06e4f181736a0fd52bc003;https://service.bremen.de/sixcms/detail.php?gsid=bremen128.c.9433.de;false;;2026-09-30;2026-09-30T13:50:53Z;
040110000000;Bremen;Bremen;reisepass;99085001012000;true;kommunal;Reisepass beantragen;true;70 / 37.5 / 32 / 22 / 6 / 15;false;https://www.landesmelderegister.bremen.de/olav/passpa?mbom=4011000;https://service.bremen.de/sixcms/detail.php?gsid=bremen128.c.9876.de;false;FHB Senatorin für Inneres und Sport;2026-03-06;2026-08-12T06:22:25Z;
040110000000;Bremen;Bremen;rente-altersrente;99114045017001;true;bundesweit;Regelaltersrente beantragen;false;;false;https://www.deutsche-rentenversicherung.de/DRV/DE/Online-Services/online-services_node.html;https://fimportal.de/detail/L/99114045017001;false;Bundesministerium für Arbeit und Soziales (BMAS);2022-07-13;2025-09-09T10:01:02.709Z;
040110000000;Bremen;Bremen;schuelerbefoerderung;99088011039000;true;kommunal;Antrag auf Schüler-Einzelbeförderung stellen;true;;false;https://serviceportal.hamburg.de/HamburgGateway/Service/Entry?id=DIGITWIDER&location=020000000000;https://service.bremen.de/sixcms/detail.php?gsid=bremen128.c.2065378.de;false;;2026-09-21;2026-09-01T10:30:26Z;
040110000000;Bremen;Bremen;schwerbehindertenausweis;99015007012000;true;landesweit;Schwerbehindertenausweis beantragen;true;;false;https://schwebnet.bremen.de/fv/spa/Ozg/portal;https://service.bremen.de/sixcms/detail.php?gsid=bremen128.c.3420047.de;false;Senatorin für Arbeit, Soziales, Jugend und Integration - Amt für Versorgung und Inklusion Bremen;2026-02-25;2026-04-02T09:31:47Z;
040110000000;Bremen;Bremen;schwerbehindertenparkausweis;99108009012000;true;kommunal;Parkerleichterung für schwerbehinderte Menschen beantragen - Blauer Parkausweis;true;;false;https://onlinedienste.bremen.de/Onlinedienste/Service/Entry/AFM_PBG;https://service.bremen.de/sixcms/detail.php?gsid=bremen128.c.9522.de;false;;2026-01-14;2026-04-30T09:17:54Z;
040110000000;Bremen;Bremen;sondernutzungserlaubnis;99053004006000;false;;;false;;true;;;true;;;;
040110000000;Bremen;Bremen;sozialhilfe;99107009017000;true;kommunal;Grundsicherung im Alter und bei dauerhafter Erwerbsminderung beantragen;true;;false;;https://service.bremen.de/sixcms/detail.php?gsid=bremen128.c.91317.de;false;;2026-09-21;2026-04-30T06:57:26Z;
040110000000;Bremen;Bremen;sterbefall;99101004012000;true;kommunal;Ausstellen einer Sterbeurkunde beantragen;true;15 / 8;false;;https://service.bremen.de/sixcms/detail.php?gsid=bremen128.c.3380545.de;false;Die Senatorin für Inneres und Sport, Standesamt Bremen;2026-02-19;2026-03-04T10:33:54Z;
040110000000;Bremen;Bremen;steuer-identifikationsnummer;99102064058000;true;bundesweit;Steuerliche Identifikationsnummer (IdNr) oder Kirchensteuerabzugsmerkmal (KiStAM) anfragen;false;;false;https://www.elster.de/bportal/start;https://fimportal.de/detail/L/99102064058000;false;Bundesministerium der Finanzen (BMF) im Auftrag des Einheitlichen Ansprechpartners der Länder (EAP);2022-03-03;2025-09-09T09:53:31.045Z;
040110000000;Bremen;Bremen;steuerliche-erfassung;99102019120000;true;kommunal;Unternehmen oder selbstständige Tätigkeit zur Steuer anmelden;true;;false;https://www.elster.de/eportal/start;https://service.bremen.de/sixcms/detail.php?gsid=bremen128.c.3390171.de;false;Freie Hansestadt Bremen, Der Senator für Finanzen;2026-02-17;2026-08-24T09:15:43Z;
040110000000;Bremen;Bremen;unterhaltsvorschuss;99107021017000;true;kommunal;Unterhaltsvorschuss beantragen;true;;false;https://www.unterhaltsvorschuss-online.de;https://service.bremen.de/sixcms/detail.php?gsid=bremen128.c.821299.de;false;;2026-09-21;2026-08-03T14:13:39Z;
040110000000;Bremen;Bremen;vaterschaftsanerkennung;99133001026000;true;kommunal;Vaterschaft anerkennen;true;;false;https://serviceportal.gemeinsamonline.de/Onlinedienste/Service/Entry/VATMUTERSO;https://service.bremen.de/sixcms/detail.php?gsid=bremen128.c.45709.de;false;;2026-09-28;2026-01-26T09:44:01Z;
040110000000;Bremen;Bremen;veranstaltung-anmelden;99089016008000;true;kommunal;Versammlung anmelden;true;;false;https://onlinedienste.bremen.de/Onlinedienste/Service/Entry/AFM_Versam;https://service.bremen.de/sixcms/detail.php?gsid=bremen128.c.264674.de;false;;2026-09-21;2026-06-26T08:21:01Z;
040110000000;Bremen;Bremen;verpflichtungserklaerung;99010005261000;false;;;false;;true;;;true;;;;
040110000000;Bremen;Bremen;wohnberechtigungsschein;99107022012000;true;kommunal;Wohnberechtigungsschein beantragen;true;;false;;https://service.bremen.de/sixcms/detail.php?gsid=bremen128.c.9495.de;false;;2026-09-21;2026-06-17T11:10:54Z;
040110000000;Bremen;Bremen;wohngeld;99107023037000;true;kommunal;Wohngeld erstmalig oder neu beantragen;true;;false;https://serviceportal.gemeinsamonline.de/Onlinedienste/Service/Entry/WOGEMIZUEA;https://service.bremen.de/sixcms/detail.php?gsid=bremen128.c.73113.de;false;FHB, Senatorin für Bau, Mobilität und Stadtentwicklung;2026-06-17;2026-07-30T06:27:17Z;
040110000000;Bremen;Bremen;wohnsitz-abmeldung;99115005070000;true;kommunal;Wohnsitz abmelden;true;;false;;https://service.bremen.de/sixcms/detail.php?gsid=bremen128.c.9929.de;false;FHB Senator für Inneres und Sport;2026-02-24;2026-08-27T06:31:16Z;
040110000000;Bremen;Bremen;wohnsitz-anmeldung;99115005104001;true;kommunal;Wohnsitz als alleinige Wohnung oder Hauptwohnung anmelden;true;;false;https://www.wohnsitzanmeldung.de/;https://service.bremen.de/sixcms/detail.php?gsid=bremen128.c.45.de;false;FHB Senatorin für Inneres und Sport;2026-02-24;2026-08-12T06:23:09Z;
040110000000;Bremen;Bremen;wohnungsgeberbestaetigung;99115005104000;true;kommunal;Wohnsitz als alleinige Wohnung oder Hauptwohnung anmelden;true;;false;https://www.wohnsitzanmeldung.de/;https://service.bremen.de/sixcms/detail.php?gsid=bremen128.c.45.de;false;FHB Senatorin für Inneres und Sport;2026-02-24;2026-08-12T06:23:09Z;
040110000000;Bremen;Bremen;wunschkennzeichen;99036049069000;true;kommunal;Wunschkennzeichen reservieren oder die Reservierung verlängern lassen;true;2.6 / 10.2;false;https://i-kfz.regioit.de/i4/ikfz4/?LICENSEIDENTIFIER=bremen_stadt;https://service.bremen.de/sixcms/detail.php?gsid=bremen128.c.3369047.de;false;;2026-01-26;2026-09-16T14:25:44Z;
040110000000;Bremen;Bremen;zweitwohnungsteuer;99102017002000;true;kommunal;Zweitwohnungssteuer anmelden;false;;false;;https://service.bremen.de/sixcms/detail.php?gsid=bremen128.c.41.de;false;;2026-09-21;2026-08-24T07:12:36Z;
051110000000;Düsseldorf;Nordrhein-Westfalen;abgeschlossenheitsbescheinigung;99012002012000;false;;;false;;true;;;true;;;;
051110000000;Düsseldorf;Nordrhein-Westfalen;anerkennung-berufsabschluss;99019003016000;true;landesweit;ausländische Berufsausbildungsabschlüsse Anerkennung;false;;true;https://www.anerkennung-in-deutschland.de/de/interest/finder/profession;https://www.anerkennung-in-deutschland.de/de/interest/finder/profession;false;Informationsportal „Anerkennung in Deutschland“, Bundesinstitut für Berufsbildung;;2026-04-22T11:28:45.360Z;
051110000000;Düsseldorf;Nordrhein-Westfalen;arbeitslosengeld;99038001017000;true;bundesweit;Arbeitslosengeld beantragen;true;;false;https://www.arbeitsagentur.de/link/ozg3-078;https://fimportal.de/detail/L/99038001017000;false;Bundesministerium für Arbeit und Soziales (BMAS);2022-06-10;2025-09-09T09:33:51.786Z;
051110000000;Düsseldorf;Nordrhein-Westfalen;auslaender-aufenthaltserlaubnis;99010019020001;false;;;false;;true;;;true;;;;
051110000000;Düsseldorf;Nordrhein-Westfalen;ausweis-verlust;99008001014002;false;;;false;;true;;;true;;;;
051110000000;Düsseldorf;Nordrhein-Westfalen;bafoeg;99022001017003;true;landesweit;BAföG für ein Studium beantragen;false;;false;https://bafoeg-digital.de/;https://bafoeg-digital.de/;false;Bundesministerium für Bildung und Forschung (BMBF);2024-09-06;2025-09-23T07:46:13.574Z;
051110000000;Düsseldorf;Nordrhein-Westfalen;bauantrag;99012070006001;true;landesweit;Baugenehmigung für die Errichtung von (baulichen) Anlagen im vereinfachten Baugenehmigungsverfahren;false;;true;https://www.bauportal.nrw/antrageinfach?anlage=1%252F;https://www.bauportal.nrw/antrageinfach?anlage=1%252F;false;Ministerium für Heimat, Kommunales, Bau und Digitalisierung Nordrhein-Westfalen;2026-05-18;2026-07-29T14:14:56.902Z;
051110000000;Düsseldorf;Nordrhein-Westfalen;baumfaellgenehmigung;99090023276000;false;;;false;;true;;;true;;;;
051110000000;Düsseldorf;Nordrhein-Westfalen;bauvoranfrage;99012068006000;false;;;false;;true;;;true;;;;
051110000000;Düsseldorf;Nordrhein-Westfalen;bewohnerparkausweis;99108001001000;true;landesweit;Bewohnerparkausweis Erteilung;false;;false;https://service.duesseldorf.de/suche/-/vr-bis-detail/dienstleistung/40/show;https://service.duesseldorf.de/suche/-/vr-bis-detail/dienstleistung/40/show;false;keine fachliche Freigabe;;2025-10-27T11:06:14.885Z;
051110000000;Düsseldorf;Nordrhein-Westfalen;buergergeld;99107108017000;true;landesweit;Bürgergeld beantragen;true;;false;https://www.arbeitsagentur.de/arbeitslos-arbeit-finden/buergergeld/buergergeld-beantragen;https://www.arbeitsagentur.de/arbeitslos-arbeit-finden/buergergeld/buergergeld-beantragen;false;Bundesministerium für Arbeit und Soziales (BMAS);2025-09-11;2025-09-24T17:43:43.443Z;
051110000000;Düsseldorf;Nordrhein-Westfalen;ehefaehigkeitszeugnis;99059002012000;true;landesweit;Ehefähigkeitszeugnis beantragen;false;;false;;;true;Senator für Inneres und Sport Bremen, Referat 23 - Personenstandsrecht;2024-10-22;2026-05-21T10:20:23.537Z;
051110000000;Düsseldorf;Nordrhein-Westfalen;eheschliessung;99059001104000;true;landesweit;Heirat anmelden;false;;false;https://service.duesseldorf.de/suche/-/vr-bis-detail/dienstleistung/107/show;https://service.duesseldorf.de/suche/-/vr-bis-detail/dienstleistung/107/show;false;"Bundesministerium des Innern&#xa0;(BMI)";2025-07-17;2025-10-27T10:41:05.077Z;
051110000000;Düsseldorf;Nordrhein-Westfalen;eid-online-ausweisfunktion;99008004180000;false;;;false;;true;;;true;;;;
051110000000;Düsseldorf;Nordrhein-Westfalen;einbuergerung;99099002067000;true;landesweit;Einbürgerung auf Grund von Ehe oder eingetragener Lebenspartnerschaft mit einer Person, die die deutsche Staatsangehörigkeit hat, beantragen;false;;true;https://antragsservice-einbuergerung.de;https://antragsservice-einbuergerung.de;false;Bundesministerium des Inneren und für Heimat (BMI);2024-12-11;2026-05-21T10:23:55.815Z;
051110000000;Düsseldorf;Nordrhein-Westfalen;einkommensteuererklaerung;99102008002000;true;landesweit;Einkommensteuer Festsetzung;false;;false;https://www.elster.de/eportal/start;https://www.elster.de/eportal/start;false;Ministerium der Finanzen Rheinland Pfalz;;2025-10-27T11:02:39.480Z;
051110000000;Düsseldorf;Nordrhein-Westfalen;elterngeld;99041006017000;true;landesweit;Elterngeld beantragen;false;;false;https://url.nrw/elterngeld-online_stadt-duesseldorf;https://url.nrw/elterngeld-online_stadt-duesseldorf;false;Bundesministerium für Familie, Senioren, Frauen und Jugend (BMFSFJ);2024-05-21;2025-06-23T07:57:00.064Z;
051110000000;Düsseldorf;Nordrhein-Westfalen;fischereischein;99042001012000;true;landesweit;Ausstellung eines Fischereischeins;false;18 / 12 / 30;false;https://serviceportal.gemeinsamonline.de/Onlinedienste/Service/Entry?id=FISCHAUSST&location=010020000000;https://serviceportal.gemeinsamonline.de/Onlinedienste/Service/Entry?id=FISCHAUSST&location=010020000000;false;"Ministerium für Umwelt, Landwirtschaft, Natur- und Verbraucherschutz des Landes Nordrhein-Westfalen 
 Referat III.4";2026-06-22;2026-07-02T07:52:22.851Z;
051110000000;Düsseldorf;Nordrhein-Westfalen;fuehrerschein-ersterteilung;99108047001001;true;landesweit;Fahrerlaubnis für die Klasse B beantragen;false;;false;;;true;Bundesministerium für Digitales und Verkehr (BMDV);2023-04-18;2025-10-27T10:55:54.732Z;
051110000000;Düsseldorf;Nordrhein-Westfalen;fuehrerschein-umtausch;99108049012001;true;landesweit;Alten Führerschein in neuen Führerschein umtauschen;true;26.5 / 32.83 / 6.32;false;https://service.duesseldorf.de/suche/-/vr-bis-detail/dienstleistung/491321/show;https://service.duesseldorf.de/suche/-/vr-bis-detail/dienstleistung/491321/show;false;Bundesministerium für Verkehr (BMV);2026-03-31;2026-05-21T10:27:44.322Z;
051110000000;Düsseldorf;Nordrhein-Westfalen;fuehrerschein-verlust;99108049012005;true;landesweit;Neuen Führerschein wegen Diebstahl, Unleserlichkeit oder Verlust beantragen;false;;false;https://service.duesseldorf.de/suche/-/vr-bis-detail/dienstleistung/309/show;https://service.duesseldorf.de/suche/-/vr-bis-detail/dienstleistung/309/show;false;Bundesministerium für Digitales und Verkehr (BMDV);2022-10-26;2025-10-27T10:35:43.762Z;
051110000000;Düsseldorf;Nordrhein-Westfalen;fuehrungszeugnis;99049001001000;true;bundesweit;Führungszeugnis beantragen;true;13;false;https://www.fuehrungszeugnis.bund.de/;https://fimportal.de/detail/L/99049001001000;false;Bundesministerium der Justiz (BMJ);2024-06-10;2026-07-16T10:01:00.430Z;
051110000000;Düsseldorf;Nordrhein-Westfalen;gaststaettenerlaubnis;99025002005000;true;landesweit;Gaststättenerlaubnis;false;;true;https://service.wirtschaft.nrw/antrag/gaststaettengewerbe-leistungsauswahl;https://service.wirtschaft.nrw/antrag/gaststaettengewerbe-leistungsauswahl;false;Bundesministerium für Wirtschaft und Energie, Referat VIIB3;2017-11-07;2025-10-27T11:22:36.429Z;
051110000000;Düsseldorf;Nordrhein-Westfalen;geburtsurkunde;99027002012000;true;landesweit;Geburtsurkunde beantragen;false;;true;;;true;Bundesministerium des Innern und für Heimat (BMI);2022-11-21;2025-07-25T12:10:56.321Z;
051110000000;Düsseldorf;Nordrhein-Westfalen;gewerbeabmeldung;99050012070000;true;landesweit;Gewerbe Abmelden;false;;false;https://service.duesseldorf.de/suche/-/vr-bis-detail/dienstleistung/405/show;https://service.duesseldorf.de/suche/-/vr-bis-detail/dienstleistung/405/show;false;Ministerium für Wirtschaft, Industrie, Klimaschutz und Energie des Landes Nordrhein-Westfalen;2022-08-03;2025-10-27T10:37:20.105Z;
051110000000;Düsseldorf;Nordrhein-Westfalen;gewerbeanmeldung;99050012104000;true;landesweit;Gewerbe anmelden;false;;false;https://service.duesseldorf.de/suche/-/vr-bis-detail/dienstleistung/405/show;https://service.duesseldorf.de/suche/-/vr-bis-detail/dienstleistung/405/show;false;Ministerium für Wirtschaft, Industrie, Klimaschutz und Energie des Landes Nordrhein-Westfalen;2026-02-17;2026-07-27T08:30:42.308Z;
051110000000;Düsseldorf;Nordrhein-Westfalen;gewerbesteuer;99102010002000;true;landesweit;Gewerbesteuer bezahlen;false;;false;https://www.elster.de/eportal/start;https://www.elster.de/eportal/start;false;Bundesministerium der Finanzen (BMF);2022-04-12;2025-09-24T13:05:32.847Z;
051110000000;Düsseldorf;Nordrhein-Westfalen;gewerbeummeldung;99050012071000;true;landesweit;Gewerbe ummelden;false;;false;https://service.duesseldorf.de/suche/-/vr-bis-detail/dienstleistung/405/show;https://service.duesseldorf.de/suche/-/vr-bis-detail/dienstleistung/405/show;false;Ministerium für Wirtschaft, Industrie, Klimaschutz und Energie des Landes Nordrhein-Westfalen;2026-06-23;2026-07-02T10:56:18.254Z;
051110000000;Düsseldorf;Nordrhein-Westfalen;gewerbezentralregister;99052002109000;true;bundesweit;Auskunft aus dem Gewerbezentralregister beantragen;true;13;false;https://www.bundesjustizamt.de/DE/Themen/ZentraleRegister/Gewerbezentralregister/Gewerbezentralregister_node.html;https://fimportal.de/detail/L/99052002109000;false;Bundesministerium der Justiz und für Verbraucherschutz (BMJV);2026-05-27;2026-06-16T13:49:10.028Z;
051110000000;Düsseldorf;Nordrhein-Westfalen;grundsteuer;99102012002000;true;landesweit;Grundsteuerbescheid für Grundstücke erhalten;false;;false;https://www.elster.de/eportal/start;https://www.elster.de/eportal/start;false;Finanzministerium Mecklenburg-Vorpommern;2020-08-18;2025-10-27T10:43:02.571Z;
051110000000;Düsseldorf;Nordrhein-Westfalen;halteverbotszone;99108011153000;true;landesweit;Temporäre Halteverbotszone beantragen;false;;false;https://service.wirtschaft.nrw/antrag/sondernutzungstr;https://service.wirtschaft.nrw/antrag/sondernutzungstr;false;Behörde für Verkehr und Mobilitätswende (BVM), Grundlagen des Straßenwesen VI 1;2022-06-20;2026-05-21T10:26:40.685Z;
051110000000;Düsseldorf;Nordrhein-Westfalen;hundesteuer;99102013104000;false;;;false;;true;;;true;;;;
051110000000;Düsseldorf;Nordrhein-Westfalen;internationaler-fuehrerschein;99108062012000;true;landesweit;Internationalen Führerschein beantragen;false;;true;https://service.duesseldorf.de/suche/-/vr-bis-detail/dienstleistung/286/show;https://service.duesseldorf.de/suche/-/vr-bis-detail/dienstleistung/286/show;false;Bundesministerium für Digitales und Verkehr (BMDV);2022-12-30;2026-06-11T14:25:38.934Z;
051110000000;Düsseldorf;Nordrhein-Westfalen;jagdschein;99067004001000;false;;;false;;true;;;true;;;;
051110000000;Düsseldorf;Nordrhein-Westfalen;kfz-abmeldung;99036026017000;true;landesweit;Außerbetriebsetzung für ein Fahrzeug beantragen;true;15.9 / 2.1;false;https://service.duesseldorf.de/suche/-/vr-bis-detail/dienstleistung/324/show;https://service.duesseldorf.de/suche/-/vr-bis-detail/dienstleistung/324/show;false;Bundesministerium für Digitales und Verkehr (BMDV);2024-10-31;2026-04-22T11:34:31.503Z;
051110000000;Düsseldorf;Nordrhein-Westfalen;kfz-zulassung;99036020001000;true;landesweit;Erstzulassung eines Fahrzeugs (Neuzulassung) beantragen;true;30 / 12.8 / 10.2;false;https://service.duesseldorf.de/suche/-/vr-bis-detail/dienstleistung/282/show;https://service.duesseldorf.de/suche/-/vr-bis-detail/dienstleistung/282/show;false;Bundesministerium für Digitales und Verkehr (BMDV);2024-01-16;2025-02-10T11:31:09.545Z;
051110000000;Düsseldorf;Nordrhein-Westfalen;kindergeld;99041008017000;true;bundesweit;Kindergeld beantragen;false;;false;https://www.arbeitsagentur.de/familie-und-kinder/infos-rund-um-kindergeld/kindergeld-anspruch-hoehe-dauer/kindergeld-antrag-starten;https://fimportal.de/detail/L/99041008017000;false;Bundesministerium der Finanzen (BMF);2026-03-31;2026-04-02T08:52:52.904Z;
051110000000;Düsseldorf;Nordrhein-Westfalen;meldebescheinigung;99115003012000;false;;;false;;true;;;true;;;;
051110000000;Düsseldorf;Nordrhein-Westfalen;mutterschutz;99107018017001;true;bundesweit;Mutterschaftsgeld als gesetzlich Krankenversicherte beantragen;false;;false;https://bundesportal.gkv-spitzenverband.de/?ID=21;https://fimportal.de/detail/L/99107018017001;false;Bundesministerium für Gesundheit (BMG);2025-08-13;2025-12-01T13:47:52.297Z;
051110000000;Düsseldorf;Nordrhein-Westfalen;niederlassungserlaubnis;99010003001013;false;;;false;;true;;;true;;;;
051110000000;Düsseldorf;Nordrhein-Westfalen;personalausweis;99008001012000;true;landesweit;Personalausweis beantragen;true;46 / 27.6 / 6 / 10 / 15 / 13 / 43 / 30;false;https://service.duesseldorf.de/suche/-/vr-bis-detail/dienstleistung/220/show;https://service.duesseldorf.de/suche/-/vr-bis-detail/dienstleistung/220/show;false;"Bundesministerium des Innern&#xa0;(BMI)";2026-03-25;2026-04-30T22:13:11.780Z;
051110000000;Düsseldorf;Nordrhein-Westfalen;personenstandsurkunde;99059004012000;true;landesweit;Ausstellen einer Eheurkunde beantragen;false;;false;;;true;Ministerium des Innern des Landes Nordrhein-Westfalen;2021-04-15;2025-10-27T10:31:28.076Z;
051110000000;Düsseldorf;Nordrhein-Westfalen;reisegewerbekarte;99050023005000;true;landesweit;Reisegewerbekarte beantragen;false;;false;https://service.wirtschaft.nrw/antrag/reisegewerbe-leistungsauswahl;https://service.wirtschaft.nrw/antrag/reisegewerbe-leistungsauswahl;false;;;2026-05-21T10:19:04.763Z;
051110000000;Düsseldorf;Nordrhein-Westfalen;reisepass;99085001012000;true;landesweit;Reisepass beantragen;true;70 / 37.5 / 32 / 22 / 36 / 6 / 15;false;https://service.duesseldorf.de/suche/-/vr-bis-detail/dienstleistung/209/show;https://service.duesseldorf.de/suche/-/vr-bis-detail/dienstleistung/209/show;false;Bundesministerium des Innern (BMI);2026-05-13;2026-05-21T10:21:56.440Z;
051110000000;Düsseldorf;Nordrhein-Westfalen;rente-altersrente;99114045017001;true;bundesweit;Regelaltersrente beantragen;false;;false;https://www.deutsche-rentenversicherung.de/DRV/DE/Online-Services/online-services_node.html;https://fimportal.de/detail/L/99114045017001;false;Bundesministerium für Arbeit und Soziales (BMAS);2022-07-13;2025-09-09T10:01:02.709Z;
051110000000;Düsseldorf;Nordrhein-Westfalen;schuelerbefoerderung;99088011039000;true;landesweit;Schülerbeförderung Erstattung;false;;true;https://beratungskompass.lvr.de/antraege/antrag-auf-erstattung-schuelerfahrtkosten-privat-pkw.html;https://beratungskompass.lvr.de/antraege/antrag-auf-erstattung-schuelerfahrtkosten-privat-pkw.html;false;;;2026-05-21T10:22:42.480Z;
051110000000;Düsseldorf;Nordrhein-Westfalen;schwerbehindertenausweis;99015007012000;false;;;false;;true;;;true;;;;
051110000000;Düsseldorf;Nordrhein-Westfalen;schwerbehindertenparkausweis;99108009012000;false;;;false;;true;;;true;;;;
051110000000;Düsseldorf;Nordrhein-Westfalen;sondernutzungserlaubnis;99053004006000;false;;;false;;true;;;true;;;;
051110000000;Düsseldorf;Nordrhein-Westfalen;sozialhilfe;99107009017000;true;landesweit;Sozialhilfe beantragen;false;;false;https://service.duesseldorf.de/suche/-/vr-bis-detail/dienstleistung/446/show;https://service.duesseldorf.de/suche/-/vr-bis-detail/dienstleistung/446/show;false;Ministerium für Arbeit, Gesundheit und Soziales NRW;2022-07-29;2026-01-27T10:21:31.294Z;
051110000000;Düsseldorf;Nordrhein-Westfalen;sterbefall;99101004012000;false;;;false;;true;;;true;;;;
051110000000;Düsseldorf;Nordrhein-Westfalen;steuer-identifikationsnummer;99102064058000;true;bundesweit;Steuerliche Identifikationsnummer (IdNr) oder Kirchensteuerabzugsmerkmal (KiStAM) anfragen;false;;false;https://www.elster.de/bportal/start;https://fimportal.de/detail/L/99102064058000;false;Bundesministerium der Finanzen (BMF) im Auftrag des Einheitlichen Ansprechpartners der Länder (EAP);2022-03-03;2025-09-09T09:53:31.045Z;
051110000000;Düsseldorf;Nordrhein-Westfalen;steuerliche-erfassung;99102019120000;true;landesweit;Unternehmen oder selbstständige Tätigkeit zur Steuer anmelden;false;;false;https://www.elster.de/eportal/start;https://www.elster.de/eportal/start;false;Bundesministerium der Finanzen (BMF);2020-01-01;2025-10-27T10:24:34.599Z;
051110000000;Düsseldorf;Nordrhein-Westfalen;unterhaltsvorschuss;99107021017000;true;landesweit;Unterhaltsvorschuss;false;;true;https://www.unterhaltsvorschuss-online.de/;https://www.unterhaltsvorschuss-online.de/;false;Ministerium für Kinder, Jugend, Familie, Gleichstellung, Flucht und Integration des Landes Nordrhein-Westfalen;2023-02-10;2026-03-16T11:34:12.705Z;
051110000000;Düsseldorf;Nordrhein-Westfalen;vaterschaftsanerkennung;99133001026000;true;landesweit;Vaterschaftsanerkennung;false;30;false;;;true;Senator für Inneres, Referat 23 – Personenstandrecht, des Landes Bremen;2020-10-09;2026-05-21T10:29:33.080Z;
051110000000;Düsseldorf;Nordrhein-Westfalen;veranstaltung-anmelden;99089016008000;true;landesweit;Eine Versammlung anmelden;false;;false;https://formulare.polizei.nrw/de/versammlung;https://formulare.polizei.nrw/de/versammlung;false;Ministerium für Inneres, Kommunales, Wohnen und Sport des Landes Schleswig-Holstein (MIKWS);2022-07-12;2025-10-27T10:30:47.711Z;
051110000000;Düsseldorf;Nordrhein-Westfalen;verpflichtungserklaerung;99010005261000;false;;;false;;true;;;true;;;;
051110000000;Düsseldorf;Nordrhein-Westfalen;wohnberechtigungsschein;99107022012000;true;landesweit;Wohnberechtigungsschein beantragen;false;;false;https://service.duesseldorf.de/suche/-/vr-bis-detail/dienstleistung/601/show;https://service.duesseldorf.de/suche/-/vr-bis-detail/dienstleistung/601/show;false;Niedersächsisches Ministerium für Umwelt, Energie, Bauen und Klimaschutz;2022-07-11;2026-04-22T12:08:09.585Z;
051110000000;Düsseldorf;Nordrhein-Westfalen;wohngeld;99107023037000;true;landesweit;Wohngeld erstmalig oder neu beantragen;false;;false;;;true;Bundesministerium für Wohnen, Stadtentwicklung und Bauwesen (BMWSB);2025-06-26;2025-09-24T16:31:10.201Z;
051110000000;Düsseldorf;Nordrhein-Westfalen;wohnsitz-abmeldung;99115005070000;true;landesweit;Wohnsitz Abmeldung;false;;false;https://service.duesseldorf.de/suche/-/vr-bis-detail/dienstleistung/240/show;https://service.duesseldorf.de/suche/-/vr-bis-detail/dienstleistung/240/show;false;Ministerium des Innern des Landes Nordrhein-Westfalen;2021-11-11;2025-10-27T10:41:51.891Z;
051110000000;Düsseldorf;Nordrhein-Westfalen;wohnsitz-anmeldung;99115005104001;true;landesweit;Wohnsitz Anmeldung als Hauptwohnsitz;false;;false;https://service.duesseldorf.de/suche/-/vr-bis-detail/dienstleistung/227/show;https://service.duesseldorf.de/suche/-/vr-bis-detail/dienstleistung/227/show;false;Ministerium des Innern des Landes Nordrhein-Westfalen;2021-11-09;2025-10-27T10:46:44.981Z;
051110000000;Düsseldorf;Nordrhein-Westfalen;wohnungsgeberbestaetigung;99115005104000;true;landesweit;Wohnsitz anmelden;false;;false;https://service.duesseldorf.de/suche/-/vr-bis-detail/dienstleistung/227/show;https://service.duesseldorf.de/suche/-/vr-bis-detail/dienstleistung/227/show;false;Ministerium des Innern des Landes Nordrhein-Westfalen;2021-11-11;2025-10-27T10:46:36.361Z;
051110000000;Düsseldorf;Nordrhein-Westfalen;wunschkennzeichen;99036049069000;true;landesweit;Wunschkennzeichen für ein Fahrzeug beantragen;false;;true;https://service.duesseldorf.de/suche/-/vr-bis-detail/dienstleistung/5234/show;https://service.duesseldorf.de/suche/-/vr-bis-detail/dienstleistung/5234/show;false;;;2026-04-30T08:17:04.957Z;
051110000000;Düsseldorf;Nordrhein-Westfalen;zweitwohnungsteuer;99102017002000;false;;;false;;true;;;true;;;;
053150000000;Köln;Nordrhein-Westfalen;abgeschlossenheitsbescheinigung;99012002012000;true;landesweit;Abgeschlossenheitsbescheinigung nach dem Wohnungseigentumsgesetz beantragen;false;100;false;https://www.stadt-koeln.de/service/produkt/abgeschlossenheitsbescheinigung;https://www.stadt-koeln.de/service/produkt/abgeschlossenheitsbescheinigung;false;Ministerium für Inneres, Bau und Digitalisierung Mecklenburg-Vorpommern;2023-03-31;2025-09-22T23:26:32.735Z;
053150000000;Köln;Nordrhein-Westfalen;anerkennung-berufsabschluss;99019003016000;true;landesweit;ausländische Berufsausbildungsabschlüsse Anerkennung;false;;true;https://www.anerkennung-in-deutschland.de/de/interest/finder/profession;https://www.anerkennung-in-deutschland.de/de/interest/finder/profession;false;Informationsportal „Anerkennung in Deutschland“, Bundesinstitut für Berufsbildung;;2026-04-22T11:28:45.360Z;
053150000000;Köln;Nordrhein-Westfalen;arbeitslosengeld;99038001017000;true;bundesweit;Arbeitslosengeld beantragen;true;;false;https://www.arbeitsagentur.de/link/ozg3-078;https://fimportal.de/detail/L/99038001017000;false;Bundesministerium für Arbeit und Soziales (BMAS);2022-06-10;2025-09-09T09:33:51.786Z;
053150000000;Köln;Nordrhein-Westfalen;auslaender-aufenthaltserlaubnis;99010019020001;true;landesweit;Verlängerung der Aufenthaltserlaubnis zur betrieblichen Aus- und Weiterbildung beantragen;false;96 / 93 / 50 / 100 / 46.5 / 22.8 / 37;false;https://www.stadt-koeln.de/service/produkt/aufenthaltserlaubnis-zur-ausbildung;https://www.stadt-koeln.de/service/produkt/aufenthaltserlaubnis-zur-ausbildung;false;"Ministerium des Innern und für Kommunales des Landes Brandenburg 
&#xa0;";2022-08-23;2026-04-22T11:11:05.580Z;
053150000000;Köln;Nordrhein-Westfalen;ausweis-verlust;99008001014002;true;landesweit;Verlust des eigenen Personalausweises melden;false;25 / 150 / 10 / 151 / 500 / 15 / 20 / 12;false;https://www.stadt-koeln.de/service/produkt/verlust-von-ausweispapieren;https://www.stadt-koeln.de/service/produkt/verlust-von-ausweispapieren;false;Bundesministerium des Innern und für Heimat (BMI);2024-01-03;2025-10-27T10:29:03.210Z;
053150000000;Köln;Nordrhein-Westfalen;bafoeg;99022001017003;true;landesweit;BAföG für ein Studium beantragen;false;;false;https://bafoeg-digital.de/;https://bafoeg-digital.de/;false;Bundesministerium für Bildung und Forschung (BMBF);2024-09-06;2025-09-23T07:46:13.574Z;
053150000000;Köln;Nordrhein-Westfalen;bauantrag;99012070006001;true;landesweit;Baugenehmigung für die Errichtung von (baulichen) Anlagen im vereinfachten Baugenehmigungsverfahren;false;50;false;https://www.bauportal.nrw/antrageinfach?anlage=1%252F;https://www.bauportal.nrw/antrageinfach?anlage=1%252F;false;Ministerium für Heimat, Kommunales, Bau und Digitalisierung Nordrhein-Westfalen;2026-05-18;2026-07-29T14:14:56.902Z;
053150000000;Köln;Nordrhein-Westfalen;baumfaellgenehmigung;99090023276000;true;landesweit;Beseitigung oder Abschneiden bestimmter Bäume, Hecken, lebender Zäune, Gebüsche innerhalb eines bestimmten Zeitraums beantragen;false;30 / 22.5;false;https://www.stadt-koeln.de/service/produkt/hecken-und-baumschutz-der-vogelbrutzeit;https://www.stadt-koeln.de/service/produkt/hecken-und-baumschutz-der-vogelbrutzeit;false;Bundesministerium für Umwelt, Naturschutz, nukleare Sicherheit und Verbraucherschutz (BMUV);2022-07-12;2026-04-22T12:01:14.850Z;
053150000000;Köln;Nordrhein-Westfalen;bauvoranfrage;99012068006000;true;landesweit;Bauvoranfrage stellen;false;50;false;https://www.stadt-koeln.de/service/produkt/antrag-auf-vorbescheid;https://www.stadt-koeln.de/service/produkt/antrag-auf-vorbescheid;false;;;2026-06-11T14:11:07.496Z;
053150000000;Köln;Nordrhein-Westfalen;bewohnerparkausweis;99108001001000;true;landesweit;Bewohnerparkausweis Erteilung;false;10;false;https://www.stadt-koeln.de/service/produkte/bewohnerparkausweis;https://www.stadt-koeln.de/service/produkte/bewohnerparkausweis;false;keine fachliche Freigabe;;2025-10-27T11:06:14.885Z;
053150000000;Köln;Nordrhein-Westfalen;buergergeld;99107108017000;true;landesweit;Bürgergeld beantragen;true;;false;https://www.arbeitsagentur.de/arbeitslos-arbeit-finden/buergergeld/buergergeld-beantragen;https://www.arbeitsagentur.de/arbeitslos-arbeit-finden/buergergeld/buergergeld-beantragen;false;Bundesministerium für Arbeit und Soziales (BMAS);2025-09-11;2025-09-24T17:43:43.443Z;
053150000000;Köln;Nordrhein-Westfalen;ehefaehigkeitszeugnis;99059002012000;true;landesweit;Ehefähigkeitszeugnis beantragen;false;40 / 66 / 9;false;https://www.stadt-koeln.de/service/produkt/ehefaehigkeitszeugnis-zur-eheschliessung-im-ausland;https://www.stadt-koeln.de/service/produkt/ehefaehigkeitszeugnis-zur-eheschliessung-im-ausland;false;Senator für Inneres und Sport Bremen, Referat 23 - Personenstandsrecht;2024-10-22;2026-05-21T10:20:23.537Z;
053150000000;Köln;Nordrhein-Westfalen;eheschliessung;99059001104000;true;landesweit;Heirat anmelden;false;40 / 66 / 9 / 60 / 39 / 120 / 172;false;https://www.stadt-koeln.de/service/produkt/anmeldung-zur-eheschliessung;https://www.stadt-koeln.de/service/produkt/anmeldung-zur-eheschliessung;false;"Bundesministerium des Innern&#xa0;(BMI)";2025-07-17;2025-10-27T10:41:05.077Z;
053150000000;Köln;Nordrhein-Westfalen;eid-online-ausweisfunktion;99008004180000;true;landesweit;Elektronischen Identitätsnachweis entsperren lassen;false;27.6 / 46 / 1.5;false;https://www.stadt-koeln.de/service/produkte/personalausweis;https://www.stadt-koeln.de/service/produkte/personalausweis;false;Bundesministerium des Innern (BMI);2025-06-25;2026-09-15T07:55:43.357Z;
053150000000;Köln;Nordrhein-Westfalen;einbuergerung;99099002067000;true;landesweit;Einbürgerung Verleihung;false;255 / 51;false;https://www.stadt-koeln.de/service/produkt/einbuergerung-den-deutschen-staatsverband;https://www.stadt-koeln.de/service/produkt/einbuergerung-den-deutschen-staatsverband;false;;;2026-04-30T08:23:43.993Z;
053150000000;Köln;Nordrhein-Westfalen;einkommensteuererklaerung;99102008002000;true;landesweit;Einkommensteuer Festsetzung;false;;false;https://www.elster.de/eportal/start;https://www.elster.de/eportal/start;false;Ministerium der Finanzen Rheinland Pfalz;;2025-10-27T11:02:39.480Z;
053150000000;Köln;Nordrhein-Westfalen;elterngeld;99041006017000;true;landesweit;Elterngeld beantragen;false;;false;https://url.nrw/elterngeld-online_stadt-koeln;https://url.nrw/elterngeld-online_stadt-koeln;false;Bundesministerium für Familie, Senioren, Frauen und Jugend (BMFSFJ);2024-05-21;2025-06-23T07:57:00.064Z;
053150000000;Köln;Nordrhein-Westfalen;fischereischein;99042001012000;true;landesweit;Ausstellung eines Fischereischeins;false;18 / 12 / 30 / 14 / 50 / 20 / 32;false;https://www.stadt-koeln.de/service/produkt/fischereischein-neuausstellung;https://www.stadt-koeln.de/service/produkt/fischereischein-neuausstellung;false;"Ministerium für Umwelt, Landwirtschaft, Natur- und Verbraucherschutz des Landes Nordrhein-Westfalen 
 Referat III.4";2026-06-22;2026-07-02T07:52:22.851Z;
053150000000;Köln;Nordrhein-Westfalen;fuehrerschein-ersterteilung;99108047001001;true;landesweit;Fahrerlaubnis für die Klasse B beantragen;false;45.1 / 45.9 / 13;false;https://www.stadt-koeln.de/service/produkt/fuehrerschein-antrag-auf-ersterteilung;https://www.stadt-koeln.de/service/produkt/fuehrerschein-antrag-auf-ersterteilung;false;Bundesministerium für Digitales und Verkehr (BMDV);2023-04-18;2025-10-27T10:55:54.732Z;
053150000000;Köln;Nordrhein-Westfalen;fuehrerschein-umtausch;99108049012001;true;landesweit;Alten Führerschein in neuen Führerschein umtauschen;true;25.3 / 43.9 / 9.75 / 26.5 / 32.83 / 6.32;false;https://www.stadt-koeln.de/service/produkt/fuehrerschein-pflichtumtausch-gegen-europaeinheitlichen-eu-fuehrerschein-im-scheckkartenformat;https://www.stadt-koeln.de/service/produkt/fuehrerschein-pflichtumtausch-gegen-europaeinheitlichen-eu-fuehrerschein-im-scheckkartenformat;false;Bundesministerium für Verkehr (BMV);2026-03-31;2026-05-21T10:27:44.322Z;
053150000000;Köln;Nordrhein-Westfalen;fuehrerschein-verlust;99108049012005;true;landesweit;Neuen Führerschein wegen Diebstahl, Unleserlichkeit oder Verlust beantragen;false;45.1 / 9.75 / 5.1 / 1.5;false;https://www.stadt-koeln.de/service/produkt/fuehrerschein-ersatz;https://www.stadt-koeln.de/service/produkt/fuehrerschein-ersatz;false;Bundesministerium für Digitales und Verkehr (BMDV);2022-10-26;2025-10-27T10:35:43.762Z;
053150000000;Köln;Nordrhein-Westfalen;fuehrungszeugnis;99049001001000;true;bundesweit;Führungszeugnis beantragen;true;13;false;https://www.fuehrungszeugnis.bund.de/;https://fimportal.de/detail/L/99049001001000;false;Bundesministerium der Justiz (BMJ);2024-06-10;2026-07-16T10:01:00.430Z;
053150000000;Köln;Nordrhein-Westfalen;gaststaettenerlaubnis;99025002005000;true;landesweit;Gaststättenerlaubnis;false;3500 / 13 / 26 / 33;false;https://www.stadt-koeln.de/service/produkt/endgueltige-gaststaettenerlaubnis-stellvertretungserlaubnis;https://www.stadt-koeln.de/service/produkt/endgueltige-gaststaettenerlaubnis-stellvertretungserlaubnis;false;Bundesministerium für Wirtschaft und Energie, Referat VIIB3;2017-11-07;2025-10-27T11:22:36.429Z;
053150000000;Köln;Nordrhein-Westfalen;geburtsurkunde;99027002012000;true;landesweit;Geburtsurkunde beantragen;false;10 / 5;false;https://www.stadt-koeln.de/service/produkt/beurkundung-von-geburten;https://www.stadt-koeln.de/service/produkt/beurkundung-von-geburten;false;Bundesministerium des Innern und für Heimat (BMI);2022-11-21;2025-07-25T12:10:56.321Z;
053150000000;Köln;Nordrhein-Westfalen;gewerbeabmeldung;99050012070000;true;landesweit;Gewerbe Abmelden;false;;false;https://www.stadt-koeln.de/service/produkt/ab-und-ummeldung-eines-gewerbebetriebes;https://www.stadt-koeln.de/service/produkt/ab-und-ummeldung-eines-gewerbebetriebes;false;Ministerium für Wirtschaft, Industrie, Klimaschutz und Energie des Landes Nordrhein-Westfalen;2022-08-03;2025-10-27T10:37:20.105Z;
053150000000;Köln;Nordrhein-Westfalen;gewerbeanmeldung;99050012104000;true;landesweit;Gewerbe anmelden;false;;false;https://www.stadt-koeln.de/service/produkt/ab-und-ummeldung-eines-gewerbebetriebes;https://www.stadt-koeln.de/service/produkt/ab-und-ummeldung-eines-gewerbebetriebes;false;Ministerium für Wirtschaft, Industrie, Klimaschutz und Energie des Landes Nordrhein-Westfalen;2026-02-17;2026-07-27T08:30:42.308Z;
053150000000;Köln;Nordrhein-Westfalen;gewerbesteuer;99102010002000;true;landesweit;Gewerbesteuer bezahlen;false;;false;https://www.elster.de/eportal/start;https://www.elster.de/eportal/start;false;Bundesministerium der Finanzen (BMF);2022-04-12;2025-09-24T13:05:32.847Z;
053150000000;Köln;Nordrhein-Westfalen;gewerbeummeldung;99050012071000;true;landesweit;Gewerbe ummelden;false;;false;https://www.stadt-koeln.de/service/produkt/ab-und-ummeldung-eines-gewerbebetriebes;https://www.stadt-koeln.de/service/produkt/ab-und-ummeldung-eines-gewerbebetriebes;false;Ministerium für Wirtschaft, Industrie, Klimaschutz und Energie des Landes Nordrhein-Westfalen;2026-06-23;2026-07-02T10:56:18.254Z;
053150000000;Köln;Nordrhein-Westfalen;gewerbezentralregister;99052002109000;true;bundesweit;Auskunft aus dem Gewerbezentralregister beantragen;true;13;false;https://www.bundesjustizamt.de/DE/Themen/ZentraleRegister/Gewerbezentralregister/Gewerbezentralregister_node.html;https://fimportal.de/detail/L/99052002109000;false;Bundesministerium der Justiz und für Verbraucherschutz (BMJV);2026-05-27;2026-06-16T13:49:10.028Z;
053150000000;Köln;Nordrhein-Westfalen;grundsteuer;99102012002000;true;landesweit;Grundsteuerbescheid erhalten;false;;true;https://www.stadt-koeln.de/service/produkt/grundsteuer;https://www.stadt-koeln.de/service/produkt/grundsteuer;false;;;2025-10-27T10:43:08.681Z;
053150000000;Köln;Nordrhein-Westfalen;halteverbotszone;99108011153000;true;landesweit;Temporäre Halteverbotszone beantragen;false;36 / 18 / 14 / 48 / 6 / 12 / 28 / 8.5;false;https://www.stadt-koeln.de/service/produkt/umzug-durchfuehren;https://www.stadt-koeln.de/service/produkt/umzug-durchfuehren;false;Behörde für Verkehr und Mobilitätswende (BVM), Grundlagen des Straßenwesen VI 1;2022-06-20;2026-05-21T10:26:40.685Z;
053150000000;Köln;Nordrhein-Westfalen;hundesteuer;99102013104000;true;landesweit;Hundesteuer Anmeldung;false;25;false;https://www.stadt-koeln.de/service/produkt/anmeldung-eines-hundes;https://www.stadt-koeln.de/service/produkt/anmeldung-eines-hundes;false;;;2025-09-24T13:17:47.479Z;
053150000000;Köln;Nordrhein-Westfalen;internationaler-fuehrerschein;99108062012000;true;landesweit;Internationalen Führerschein beantragen;false;16.3;false;https://www.stadt-koeln.de/service/produkt/fuehrerschein-internationaler-fuehrerschein;https://www.stadt-koeln.de/service/produkt/fuehrerschein-internationaler-fuehrerschein;false;Bundesministerium für Digitales und Verkehr (BMDV);2022-12-30;2026-06-11T14:25:38.934Z;
053150000000;Köln;Nordrhein-Westfalen;jagdschein;99067004001000;true;landesweit;Jagdschein erstmalig beantragen;false;;false;https://www.stadt-koeln.de/service/produkt/jagdschein-falknerjagdschein;https://www.stadt-koeln.de/service/produkt/jagdschein-falknerjagdschein;false;;;2025-10-27T11:11:54.509Z;
053150000000;Köln;Nordrhein-Westfalen;kfz-abmeldung;99036026017000;true;landesweit;Außerbetriebsetzung für ein Fahrzeug beantragen;true;16.5 / 3.3 / 15.9 / 2.1;false;https://www.stadt-koeln.de/service/produkt/ausserbetriebsetzung-eines-koelner-fahrzeuges;https://www.stadt-koeln.de/service/produkt/ausserbetriebsetzung-eines-koelner-fahrzeuges;false;Bundesministerium für Digitales und Verkehr (BMDV);2024-10-31;2026-04-22T11:34:31.503Z;
053150000000;Köln;Nordrhein-Westfalen;kfz-zulassung;99036020001000;true;landesweit;Erstzulassung eines Fahrzeugs (Neuzulassung) beantragen;true;30 / 15.3 / 10.2 / 2.6 / 12.8 / 2.85;false;https://www.stadt-koeln.de/service/produkte/kfz-zulassung;https://www.stadt-koeln.de/service/produkte/kfz-zulassung;false;Bundesministerium für Digitales und Verkehr (BMDV);2024-01-16;2025-02-10T11:31:09.545Z;
053150000000;Köln;Nordrhein-Westfalen;kindergeld;99041008017000;true;bundesweit;Kindergeld beantragen;false;;false;https://www.arbeitsagentur.de/familie-und-kinder/infos-rund-um-kindergeld/kindergeld-anspruch-hoehe-dauer/kindergeld-antrag-starten;https://fimportal.de/detail/L/99041008017000;false;Bundesministerium der Finanzen (BMF);2026-03-31;2026-04-02T08:52:52.904Z;
053150000000;Köln;Nordrhein-Westfalen;meldebescheinigung;99115003012000;true;landesweit;amtliche Meldebestätigung Ausstellung;false;9;false;https://www.stadt-koeln.de/service/produkt/meldebescheinigung-beantragen;https://www.stadt-koeln.de/service/produkt/meldebescheinigung-beantragen;false;Bundesministerium des Innern (BMI);2015-11-04;2025-10-27T11:07:35.710Z;
053150000000;Köln;Nordrhein-Westfalen;mutterschutz;99107018017001;true;bundesweit;Mutterschaftsgeld als gesetzlich Krankenversicherte beantragen;false;;false;https://bundesportal.gkv-spitzenverband.de/?ID=21;https://fimportal.de/detail/L/99107018017001;false;Bundesministerium für Gesundheit (BMG);2025-08-13;2025-12-01T13:47:52.297Z;
053150000000;Köln;Nordrhein-Westfalen;niederlassungserlaubnis;99010003001013;true;landesweit;Niederlassungserlaubnis für Familienangehörige von Deutschen beantragen;false;56.5 / 113 / 27.6 / 46;false;https://www.stadt-koeln.de/service/produkt/niederlassungserlaubnis-fuer-familienangehoerige-von-deutschen-personen;https://www.stadt-koeln.de/service/produkt/niederlassungserlaubnis-fuer-familienangehoerige-von-deutschen-personen;false;Ministerium des Innern und für Kommunales des Landes Brandenburg;2022-06-24;2026-04-30T08:14:29.084Z;
053150000000;Köln;Nordrhein-Westfalen;personalausweis;99008001012000;true;landesweit;Personalausweis beantragen;true;27.6 / 46 / 1.5 / 6 / 10 / 15 / 13 / 43 / 30;false;https://www.stadt-koeln.de/service/produkte/personalausweis;https://www.stadt-koeln.de/service/produkte/personalausweis;false;"Bundesministerium des Innern&#xa0;(BMI)";2026-03-25;2026-04-30T22:13:11.780Z;
053150000000;Köln;Nordrhein-Westfalen;personenstandsurkunde;99059004012000;true;landesweit;Ausstellen einer Eheurkunde beantragen;false;10 / 5 / 1 / 2 / 15 / 20 / 25;false;https://www.stadt-koeln.de/service/produkt/eheurkunde-bestellen;https://www.stadt-koeln.de/service/produkt/eheurkunde-bestellen;false;Ministerium des Innern des Landes Nordrhein-Westfalen;2021-04-15;2025-10-27T10:31:28.076Z;
053150000000;Köln;Nordrhein-Westfalen;reisegewerbekarte;99050023005000;true;landesweit;Reisegewerbekarte beantragen;false;244 / 305 / 366 / 427 / 13;false;https://www.stadt-koeln.de/service/produkt/reisegewerbe-neuantrag;https://www.stadt-koeln.de/service/produkt/reisegewerbe-neuantrag;false;;;2026-05-21T10:19:04.763Z;
053150000000;Köln;Nordrhein-Westfalen;reisepass;99085001012000;true;landesweit;Reisepass beantragen;true;37.5 / 70 / 32 / 22 / 54 / 1.5 / 36 / 6 / 15;false;https://www.stadt-koeln.de/service/produkte/reisepass;https://www.stadt-koeln.de/service/produkte/reisepass;false;Bundesministerium des Innern (BMI);2026-05-13;2026-05-21T10:21:56.440Z;
053150000000;Köln;Nordrhein-Westfalen;rente-altersrente;99114045017001;true;bundesweit;Regelaltersrente beantragen;false;;false;https://www.deutsche-rentenversicherung.de/DRV/DE/Online-Services/online-services_node.html;https://fimportal.de/detail/L/99114045017001;false;Bundesministerium für Arbeit und Soziales (BMAS);2022-07-13;2025-09-09T10:01:02.709Z;
053150000000;Köln;Nordrhein-Westfalen;schuelerbefoerderung;99088011039000;true;landesweit;Schülerbeförderung Erstattung;false;;false;https://www.stadt-koeln.de/service/produkt/fahrkosten-fuer-schuelerinnen-und-schueler;https://www.stadt-koeln.de/service/produkt/fahrkosten-fuer-schuelerinnen-und-schueler;false;;;2026-05-21T10:22:42.480Z;
053150000000;Köln;Nordrhein-Westfalen;schwerbehindertenausweis;99015007012000;true;landesweit;Schwerbehindertenausweis beantragen;true;;false;https://www.stadt-koeln.de/service/produkt/schwerbehindertenausweis;https://www.stadt-koeln.de/service/produkt/schwerbehindertenausweis;false;Bundesministerium für Arbeit und Soziales (BMAS);2024-01-30;2025-09-23T04:07:44.081Z;
053150000000;Köln;Nordrhein-Westfalen;schwerbehindertenparkausweis;99108009012000;true;landesweit;Parkausweis für Schwerbehinderte Ausstellung;false;;false;https://www.stadt-koeln.de/service/produkt/parkausweis-fuer-behindertenparkplaetze;https://www.stadt-koeln.de/service/produkt/parkausweis-fuer-behindertenparkplaetze;false;;;2026-06-11T14:10:18.865Z;
053150000000;Köln;Nordrhein-Westfalen;sondernutzungserlaubnis;99053004006000;true;landesweit;Sondernutzung öffentlicher Grünflächen beantragen;false;;false;https://www.stadt-koeln.de/service/produkt/veranstaltungen-auf-oeffentlichen-gruenanlagen;https://www.stadt-koeln.de/service/produkt/veranstaltungen-auf-oeffentlichen-gruenanlagen;false;;;2026-06-11T16:41:08.768Z;
053150000000;Köln;Nordrhein-Westfalen;sozialhilfe;99107009017000;true;landesweit;Sozialhilfe beantragen;false;;false;https://www.stadt-koeln.de/service/produkt/grundsicherung-im-alter-bei-erwerbsminderung;https://www.stadt-koeln.de/service/produkt/grundsicherung-im-alter-bei-erwerbsminderung;false;Ministerium für Arbeit, Gesundheit und Soziales NRW;2022-07-29;2026-01-27T10:21:31.294Z;
053150000000;Köln;Nordrhein-Westfalen;sterbefall;99101004012000;true;landesweit;Sterbeurkunde eines Familienmitglieds beantragen;false;10 / 5 / 25;false;https://www.stadt-koeln.de/service/produkt/beurkundung-von-sterbefaellen;https://www.stadt-koeln.de/service/produkt/beurkundung-von-sterbefaellen;false;Ministerium des Innern des Landes Nordrhein-Westfalen;2021-04-15;2025-10-27T10:45:43.043Z;
053150000000;Köln;Nordrhein-Westfalen;steuer-identifikationsnummer;99102064058000;true;bundesweit;Steuerliche Identifikationsnummer (IdNr) oder Kirchensteuerabzugsmerkmal (KiStAM) anfragen;false;;false;https://www.elster.de/bportal/start;https://fimportal.de/detail/L/99102064058000;false;Bundesministerium der Finanzen (BMF) im Auftrag des Einheitlichen Ansprechpartners der Länder (EAP);2022-03-03;2025-09-09T09:53:31.045Z;
053150000000;Köln;Nordrhein-Westfalen;steuerliche-erfassung;99102019120000;true;landesweit;Unternehmen oder selbstständige Tätigkeit zur Steuer anmelden;false;;false;https://www.elster.de/eportal/start;https://www.elster.de/eportal/start;false;Bundesministerium der Finanzen (BMF);2020-01-01;2025-10-27T10:24:34.599Z;
053150000000;Köln;Nordrhein-Westfalen;unterhaltsvorschuss;99107021017000;true;landesweit;Unterhaltsvorschuss;false;;false;https://www.stadt-koeln.de/service/produkt/unterhaltsvorschuss;https://www.stadt-koeln.de/service/produkt/unterhaltsvorschuss;false;Ministerium für Kinder, Jugend, Familie, Gleichstellung, Flucht und Integration des Landes Nordrhein-Westfalen;2023-02-10;2026-03-16T11:34:12.705Z;
053150000000;Köln;Nordrhein-Westfalen;vaterschaftsanerkennung;99133001026000;true;landesweit;Vaterschaftsanerkennung;false;30;false;https://www.stadt-koeln.de/service/produkt/vaterschaftsanerkennung;https://www.stadt-koeln.de/service/produkt/vaterschaftsanerkennung;false;Senator für Inneres, Referat 23 – Personenstandrecht, des Landes Bremen;2020-10-09;2026-05-21T10:29:33.080Z;
053150000000;Köln;Nordrhein-Westfalen;veranstaltung-anmelden;99089016008000;true;landesweit;Eine Versammlung anmelden;false;;false;https://formulare.polizei.nrw/de/versammlung;https://formulare.polizei.nrw/de/versammlung;false;Ministerium für Inneres, Kommunales, Wohnen und Sport des Landes Schleswig-Holstein (MIKWS);2022-07-12;2025-10-27T10:30:47.711Z;
053150000000;Köln;Nordrhein-Westfalen;verpflichtungserklaerung;99010005261000;true;landesweit;Verpflichtungserklärung zur Übernahme der Kosten einer ausländischen Person in Deutschland abgeben;false;29 / 8.45;false;https://www.stadt-koeln.de/service/produkt/verpflichtungserklaerung-nach-68-sowie-66-67-des-aufenthaltsgesetzes;https://www.stadt-koeln.de/service/produkt/verpflichtungserklaerung-nach-68-sowie-66-67-des-aufenthaltsgesetzes;false;Ministerium des Innern und für Sport des Landes Hessen;2022-05-25;2025-06-23T07:56:38.463Z;
053150000000;Köln;Nordrhein-Westfalen;wohnberechtigungsschein;99107022012000;true;landesweit;Wohnberechtigungsschein beantragen;false;7.5;false;https://www.stadt-koeln.de/service/produkte/wohnberechtigungsschein;https://www.stadt-koeln.de/service/produkte/wohnberechtigungsschein;false;Niedersächsisches Ministerium für Umwelt, Energie, Bauen und Klimaschutz;2022-07-11;2026-04-22T12:08:09.585Z;
053150000000;Köln;Nordrhein-Westfalen;wohngeld;99107023037000;true;landesweit;Wohngeld erstmalig oder neu beantragen;false;;false;https://www.stadt-koeln.de/service/produkte/wohngeld;https://www.stadt-koeln.de/service/produkte/wohngeld;false;Bundesministerium für Wohnen, Stadtentwicklung und Bauwesen (BMWSB);2025-06-26;2025-09-24T16:31:10.201Z;
053150000000;Köln;Nordrhein-Westfalen;wohnsitz-abmeldung;99115005070000;true;landesweit;Wohnsitz Abmeldung;false;;false;https://www.stadt-koeln.de/service/produkt/abmeldung-ihres-wohnsitzes;https://www.stadt-koeln.de/service/produkt/abmeldung-ihres-wohnsitzes;false;Ministerium des Innern des Landes Nordrhein-Westfalen;2021-11-11;2025-10-27T10:41:51.891Z;
053150000000;Köln;Nordrhein-Westfalen;wohnsitz-anmeldung;99115005104001;true;landesweit;Wohnsitz Anmeldung als Hauptwohnsitz;false;;false;https://www.stadt-koeln.de/service/produkt/anmeldung-ihres-wohnsitzes;https://www.stadt-koeln.de/service/produkt/anmeldung-ihres-wohnsitzes;false;Ministerium des Innern des Landes Nordrhein-Westfalen;2021-11-09;2025-10-27T10:46:44.981Z;
053150000000;Köln;Nordrhein-Westfalen;wohnungsgeberbestaetigung;99115005104000;true;landesweit;Wohnsitz anmelden;false;;false;https://www.stadt-koeln.de/service/produkt/anmeldung-ihres-wohnsitzes;https://www.stadt-koeln.de/service/produkt/anmeldung-ihres-wohnsitzes;false;Ministerium des Innern des Landes Nordrhein-Westfalen;2021-11-11;2025-10-27T10:46:36.361Z;
053150000000;Köln;Nordrhein-Westfalen;wunschkennzeichen;99036049069000;true;landesweit;Wunschkennzeichen für ein Fahrzeug beantragen;false;2.6 / 10.2;false;https://www.stadt-koeln.de/service/produkte/wunschkennzeichen;https://www.stadt-koeln.de/service/produkte/wunschkennzeichen;false;;;2026-04-30T08:17:04.957Z;
053150000000;Köln;Nordrhein-Westfalen;zweitwohnungsteuer;99102017002000;true;landesweit;Erklärung zur Zweitwohnungssteuer abgeben;false;;true;https://www.stadt-koeln.de/service/produkt/zweitwohnungssteuer;https://www.stadt-koeln.de/service/produkt/zweitwohnungssteuer;false;;;2025-09-24T13:25:30.053Z;
059130000000;Dortmund;Nordrhein-Westfalen;abgeschlossenheitsbescheinigung;99012002012000;false;;;false;;true;;;true;;;;
059130000000;Dortmund;Nordrhein-Westfalen;anerkennung-berufsabschluss;99019003016000;true;landesweit;ausländische Berufsausbildungsabschlüsse Anerkennung;false;;true;https://www.anerkennung-in-deutschland.de/de/interest/finder/profession;https://www.anerkennung-in-deutschland.de/de/interest/finder/profession;false;Informationsportal „Anerkennung in Deutschland“, Bundesinstitut für Berufsbildung;;2026-04-22T11:28:45.360Z;
059130000000;Dortmund;Nordrhein-Westfalen;arbeitslosengeld;99038001017000;true;bundesweit;Arbeitslosengeld beantragen;true;;false;https://www.arbeitsagentur.de/link/ozg3-078;https://fimportal.de/detail/L/99038001017000;false;Bundesministerium für Arbeit und Soziales (BMAS);2022-06-10;2025-09-09T09:33:51.786Z;
059130000000;Dortmund;Nordrhein-Westfalen;auslaender-aufenthaltserlaubnis;99010019020001;false;;;false;;true;;;true;;;;
059130000000;Dortmund;Nordrhein-Westfalen;ausweis-verlust;99008001014002;true;landesweit;Verlust des eigenen Personalausweises melden;false;27.6 / 46 / 10 / 6;false;;;true;Bundesministerium des Innern und für Heimat (BMI);2024-01-03;2025-10-27T10:29:03.210Z;
059130000000;Dortmund;Nordrhein-Westfalen;bafoeg;99022001017003;true;landesweit;BAföG für ein Studium beantragen;false;;false;https://bafoeg-digital.de/;https://bafoeg-digital.de/;false;Bundesministerium für Bildung und Forschung (BMBF);2024-09-06;2025-09-23T07:46:13.574Z;
059130000000;Dortmund;Nordrhein-Westfalen;bauantrag;99012070006001;true;landesweit;Baugenehmigung für die Errichtung von (baulichen) Anlagen im vereinfachten Baugenehmigungsverfahren;false;;true;https://www.bauportal.nrw/antrageinfach?anlage=1%252F;https://www.bauportal.nrw/antrageinfach?anlage=1%252F;false;Ministerium für Heimat, Kommunales, Bau und Digitalisierung Nordrhein-Westfalen;2026-05-18;2026-07-29T14:14:56.902Z;
059130000000;Dortmund;Nordrhein-Westfalen;baumfaellgenehmigung;99090023276000;false;;;false;;true;;;true;;;;
059130000000;Dortmund;Nordrhein-Westfalen;bauvoranfrage;99012068006000;false;;;false;;true;;;true;;;;
059130000000;Dortmund;Nordrhein-Westfalen;bewohnerparkausweis;99108001001000;true;landesweit;Bewohnerparkausweis Erteilung;false;46 / 30.7 / 20.5 / 15.3;false;https://www.dortmund.de/services/bewohnerparkausweis-beantragen.html;https://www.dortmund.de/services/bewohnerparkausweis-beantragen.html;false;keine fachliche Freigabe;;2025-10-27T11:06:14.885Z;
059130000000;Dortmund;Nordrhein-Westfalen;buergergeld;99107108017000;true;landesweit;Bürgergeld beantragen;true;;false;https://www.arbeitsagentur.de/arbeitslos-arbeit-finden/buergergeld/buergergeld-beantragen;https://www.arbeitsagentur.de/arbeitslos-arbeit-finden/buergergeld/buergergeld-beantragen;false;Bundesministerium für Arbeit und Soziales (BMAS);2025-09-11;2025-09-24T17:43:43.443Z;
059130000000;Dortmund;Nordrhein-Westfalen;ehefaehigkeitszeugnis;99059002012000;true;landesweit;Ehefähigkeitszeugnis beantragen;false;66 / 6;false;https://www.dortmund.de/services/ehefaehigkeitszeugnisse.html;https://www.dortmund.de/services/ehefaehigkeitszeugnisse.html;false;Senator für Inneres und Sport Bremen, Referat 23 - Personenstandsrecht;2024-10-22;2026-05-21T10:20:23.537Z;
059130000000;Dortmund;Nordrhein-Westfalen;eheschliessung;99059001104000;true;landesweit;Heirat anmelden;false;66 / 80 / 109 / 15 / 7.5 / 6 / 108 / 156 / 250;false;https://www.dortmund.de/services/eheschliessung-anmeldung.html;https://www.dortmund.de/services/eheschliessung-anmeldung.html;false;"Bundesministerium des Innern&#xa0;(BMI)";2025-07-17;2025-10-27T10:41:05.077Z;
059130000000;Dortmund;Nordrhein-Westfalen;eid-online-ausweisfunktion;99008004180000;false;;;false;;true;;;true;;;;
059130000000;Dortmund;Nordrhein-Westfalen;einbuergerung;99099002067000;true;bundesweit;Einbürgerung für ehemalige Deutsche im Ausland beantragen;true;255 / 51 / 25;false;https://verwaltung.bund.de/leistungsbeantragung/DE/leistung/99099002067001/herausgeber/LeiKa-102758197/region/000000000000;https://fimportal.de/detail/L/99099002067001;false;Bundesverwaltungsamt (BVA);2026-04-09;2026-07-17T17:05:20.557Z;
059130000000;Dortmund;Nordrhein-Westfalen;einkommensteuererklaerung;99102008002000;true;landesweit;Einkommensteuer Festsetzung;false;;false;https://www.elster.de/eportal/start;https://www.elster.de/eportal/start;false;Ministerium der Finanzen Rheinland Pfalz;;2025-10-27T11:02:39.480Z;
059130000000;Dortmund;Nordrhein-Westfalen;elterngeld;99041006017000;true;landesweit;Elterngeld beantragen;false;;false;https://url.nrw/elterngeld-online_stadt-dortmund;https://url.nrw/elterngeld-online_stadt-dortmund;false;Bundesministerium für Familie, Senioren, Frauen und Jugend (BMFSFJ);2024-05-21;2025-06-23T07:57:00.064Z;
059130000000;Dortmund;Nordrhein-Westfalen;fischereischein;99042001012000;true;landesweit;Ausstellung eines Fischereischeins;false;18 / 12 / 30;false;https://serviceportal.gemeinsamonline.de/Onlinedienste/Service/Entry?id=FISCHAUSST&location=010020000000;https://serviceportal.gemeinsamonline.de/Onlinedienste/Service/Entry?id=FISCHAUSST&location=010020000000;false;"Ministerium für Umwelt, Landwirtschaft, Natur- und Verbraucherschutz des Landes Nordrhein-Westfalen 
 Referat III.4";2026-06-22;2026-07-02T07:52:22.851Z;
059130000000;Dortmund;Nordrhein-Westfalen;fuehrerschein-ersterteilung;99108047001001;true;landesweit;Fahrerlaubnis für die Klasse B beantragen;false;44.7 / 28.6 / 12.8;false;;;true;Bundesministerium für Digitales und Verkehr (BMDV);2023-04-18;2025-10-27T10:55:54.732Z;
059130000000;Dortmund;Nordrhein-Westfalen;fuehrerschein-umtausch;99108049012001;true;landesweit;Alten Führerschein in neuen Führerschein umtauschen;true;32.9 / 26.5 / 32.83 / 6.32;false;;;true;Bundesministerium für Verkehr (BMV);2026-03-31;2026-05-21T10:27:44.322Z;
059130000000;Dortmund;Nordrhein-Westfalen;fuehrerschein-verlust;99108049012005;true;landesweit;Neuen Führerschein wegen Diebstahl, Unleserlichkeit oder Verlust beantragen;false;40.1;false;;;true;Bundesministerium für Digitales und Verkehr (BMDV);2022-10-26;2025-10-27T10:35:43.762Z;
059130000000;Dortmund;Nordrhein-Westfalen;fuehrungszeugnis;99049001001000;true;bundesweit;Führungszeugnis beantragen;true;13;false;https://www.fuehrungszeugnis.bund.de/;https://fimportal.de/detail/L/99049001001000;false;Bundesministerium der Justiz (BMJ);2024-06-10;2026-07-16T10:01:00.430Z;
059130000000;Dortmund;Nordrhein-Westfalen;gaststaettenerlaubnis;99025002005000;true;landesweit;Gaststättenerlaubnis;false;;true;https://service.wirtschaft.nrw/antrag/gaststaettengewerbe-leistungsauswahl;https://service.wirtschaft.nrw/antrag/gaststaettengewerbe-leistungsauswahl;false;Bundesministerium für Wirtschaft und Energie, Referat VIIB3;2017-11-07;2025-10-27T11:22:36.429Z;
059130000000;Dortmund;Nordrhein-Westfalen;geburtsurkunde;99027002012000;true;landesweit;Geburtsurkunde beantragen;false;15 / 7.5 / 38.5 / 17 / 66;false;https://www.dortmund.de/services/personenstandsurkunde-anfordern-nutzung-fuer-ahnen-oder-familienforschung-moeglich.html;https://www.dortmund.de/services/personenstandsurkunde-anfordern-nutzung-fuer-ahnen-oder-familienforschung-moeglich.html;false;Bundesministerium des Innern und für Heimat (BMI);2022-11-21;2025-07-25T12:10:56.321Z;
059130000000;Dortmund;Nordrhein-Westfalen;gewerbeabmeldung;99050012070000;true;landesweit;Gewerbe Abmelden;false;;false;https://www.dortmund.de/services/gewerbeabmeldung.html;https://www.dortmund.de/services/gewerbeabmeldung.html;false;Ministerium für Wirtschaft, Industrie, Klimaschutz und Energie des Landes Nordrhein-Westfalen;2022-08-03;2025-10-27T10:37:20.105Z;
059130000000;Dortmund;Nordrhein-Westfalen;gewerbeanmeldung;99050012104000;true;landesweit;Gewerbe anmelden;false;26 / 33 / 13;false;https://www.dortmund.de/services/gewerbeanmeldung.html;https://www.dortmund.de/services/gewerbeanmeldung.html;false;Ministerium für Wirtschaft, Industrie, Klimaschutz und Energie des Landes Nordrhein-Westfalen;2026-02-17;2026-07-27T08:30:42.308Z;
059130000000;Dortmund;Nordrhein-Westfalen;gewerbesteuer;99102010002000;true;landesweit;Gewerbesteuer bezahlen;false;;false;https://www.elster.de/eportal/start;https://www.elster.de/eportal/start;false;Bundesministerium der Finanzen (BMF);2022-04-12;2025-09-24T13:05:32.847Z;
059130000000;Dortmund;Nordrhein-Westfalen;gewerbeummeldung;99050012071000;true;landesweit;Gewerbe ummelden;false;26 / 33 / 13;false;https://www.dortmund.de/services/gewerbeummeldung.html;https://www.dortmund.de/services/gewerbeummeldung.html;false;Ministerium für Wirtschaft, Industrie, Klimaschutz und Energie des Landes Nordrhein-Westfalen;2026-06-23;2026-07-02T10:56:18.254Z;
059130000000;Dortmund;Nordrhein-Westfalen;gewerbezentralregister;99052002109000;true;bundesweit;Auskunft aus dem Gewerbezentralregister beantragen;true;13;false;https://www.bundesjustizamt.de/DE/Themen/ZentraleRegister/Gewerbezentralregister/Gewerbezentralregister_node.html;https://fimportal.de/detail/L/99052002109000;false;Bundesministerium der Justiz und für Verbraucherschutz (BMJV);2026-05-27;2026-06-16T13:49:10.028Z;
059130000000;Dortmund;Nordrhein-Westfalen;grundsteuer;99102012002000;true;landesweit;Grundsteuerbescheid für Grundstücke erhalten;false;;false;https://www.elster.de/eportal/start;https://www.elster.de/eportal/start;false;Finanzministerium Mecklenburg-Vorpommern;2020-08-18;2025-10-27T10:43:02.571Z;
059130000000;Dortmund;Nordrhein-Westfalen;halteverbotszone;99108011153000;true;landesweit;Temporäre Halteverbotszone beantragen;false;30 / 40;false;https://www.dortmund.de/services/antrag-auf-erteilung-einer-verkehrsrechtlichen-anordnung-zum-einrichten-einer-haltverbotszone-nach-45-abs.-6-stvo.html;https://www.dortmund.de/services/antrag-auf-erteilung-einer-verkehrsrechtlichen-anordnung-zum-einrichten-einer-haltverbotszone-nach-45-abs.-6-stvo.html;false;Behörde für Verkehr und Mobilitätswende (BVM), Grundlagen des Straßenwesen VI 1;2022-06-20;2026-05-21T10:26:40.685Z;
059130000000;Dortmund;Nordrhein-Westfalen;hundesteuer;99102013104000;true;landesweit;Hundesteuer Anmeldung;false;17.5;false;https://www.dortmund.de/services/hundesteuer.html;https://www.dortmund.de/services/hundesteuer.html;false;;;2025-09-24T13:17:47.479Z;
059130000000;Dortmund;Nordrhein-Westfalen;internationaler-fuehrerschein;99108062012000;false;;;false;;true;;;true;;;;
059130000000;Dortmund;Nordrhein-Westfalen;jagdschein;99067004001000;true;landesweit;Jagdschein erstmalig beantragen;false;45 / 60 / 75;false;;;true;;;2025-10-27T11:11:54.509Z;
059130000000;Dortmund;Nordrhein-Westfalen;kfz-abmeldung;99036026017000;false;;;false;;true;;;true;;;;
059130000000;Dortmund;Nordrhein-Westfalen;kfz-zulassung;99036020001000;false;;;false;;true;;;true;;;;
059130000000;Dortmund;Nordrhein-Westfalen;kindergeld;99041008017000;true;bundesweit;Kindergeld beantragen;false;;false;https://www.arbeitsagentur.de/familie-und-kinder/infos-rund-um-kindergeld/kindergeld-anspruch-hoehe-dauer/kindergeld-antrag-starten;https://fimportal.de/detail/L/99041008017000;false;Bundesministerium der Finanzen (BMF);2026-03-31;2026-04-02T08:52:52.904Z;
059130000000;Dortmund;Nordrhein-Westfalen;meldebescheinigung;99115003012000;true;landesweit;amtliche Meldebestätigung Ausstellung;false;9;false;https://www.dortmund.de/services/meldebescheinigung.html;https://www.dortmund.de/services/meldebescheinigung.html;false;Bundesministerium des Innern (BMI);2015-11-04;2025-10-27T11:07:35.710Z;
059130000000;Dortmund;Nordrhein-Westfalen;mutterschutz;99107018017001;true;bundesweit;Mutterschaftsgeld als gesetzlich Krankenversicherte beantragen;false;;false;https://bundesportal.gkv-spitzenverband.de/?ID=21;https://fimportal.de/detail/L/99107018017001;false;Bundesministerium für Gesundheit (BMG);2025-08-13;2025-12-01T13:47:52.297Z;
059130000000;Dortmund;Nordrhein-Westfalen;niederlassungserlaubnis;99010003001013;true;landesweit;Niederlassungserlaubnis beantragen;false;56.5;false;https://www.dortmund.de/services/familiaere-und-unbefristete-aufenthalte-38-4-1.html;https://www.dortmund.de/services/familiaere-und-unbefristete-aufenthalte-38-4-1.html;false;Ministerium des Innern und für Kommunales des Landes Brandenburg;2022-07-06;2026-04-30T08:23:28.162Z;
059130000000;Dortmund;Nordrhein-Westfalen;personalausweis;99008001012000;true;landesweit;Personalausweis beantragen;true;27.6 / 46 / 10 / 6 / 15 / 13 / 43 / 30;false;;;true;"Bundesministerium des Innern&#xa0;(BMI)";2026-03-25;2026-04-30T22:13:11.780Z;
059130000000;Dortmund;Nordrhein-Westfalen;personenstandsurkunde;99059004012000;true;landesweit;Ausstellen einer Eheurkunde beantragen;false;15 / 7.5 / 38.5 / 17 / 66;false;https://www.dortmund.de/services/personenstandsurkunde-anfordern-nutzung-fuer-ahnen-oder-familienforschung-moeglich.html;https://www.dortmund.de/services/personenstandsurkunde-anfordern-nutzung-fuer-ahnen-oder-familienforschung-moeglich.html;false;Ministerium des Innern des Landes Nordrhein-Westfalen;2021-04-15;2025-10-27T10:31:28.076Z;
059130000000;Dortmund;Nordrhein-Westfalen;reisegewerbekarte;99050023005000;true;landesweit;Reisegewerbekarte beantragen;false;;false;https://service.wirtschaft.nrw/antrag/reisegewerbe-leistungsauswahl;https://service.wirtschaft.nrw/antrag/reisegewerbe-leistungsauswahl;false;;;2026-05-21T10:19:04.763Z;
059130000000;Dortmund;Nordrhein-Westfalen;reisepass;99085001012000;true;landesweit;Reisepass beantragen;true;37.5 / 70 / 32 / 26 / 22 / 36 / 6 / 15;false;;;true;Bundesministerium des Innern (BMI);2026-05-13;2026-05-21T10:21:56.440Z;
059130000000;Dortmund;Nordrhein-Westfalen;rente-altersrente;99114045017001;true;bundesweit;Regelaltersrente beantragen;false;;false;https://www.deutsche-rentenversicherung.de/DRV/DE/Online-Services/online-services_node.html;https://fimportal.de/detail/L/99114045017001;false;Bundesministerium für Arbeit und Soziales (BMAS);2022-07-13;2025-09-09T10:01:02.709Z;
059130000000;Dortmund;Nordrhein-Westfalen;schuelerbefoerderung;99088011039000;true;landesweit;Schülerbeförderung Erstattung;false;;true;https://lvr.de/de/nav_main/schulen/schuelerbefoerderung/schlerbefrderung_1.jsp;https://lvr.de/de/nav_main/schulen/schuelerbefoerderung/schlerbefrderung_1.jsp;false;;;2026-05-21T10:22:42.480Z;
059130000000;Dortmund;Nordrhein-Westfalen;schwerbehindertenausweis;99015007012000;false;;;false;;true;;;true;;;;
059130000000;Dortmund;Nordrhein-Westfalen;schwerbehindertenparkausweis;99108009012000;true;landesweit;Parkausweis für Schwerbehinderte Ausstellung;false;;true;https://www.dortmund.de/services/parkausweise-parkerleichterungen-fuer-schwerbehinderte.html;https://www.dortmund.de/services/parkausweise-parkerleichterungen-fuer-schwerbehinderte.html;false;;;2026-06-11T14:10:18.865Z;
059130000000;Dortmund;Nordrhein-Westfalen;sondernutzungserlaubnis;99053004006000;false;;;false;;true;;;true;;;;
059130000000;Dortmund;Nordrhein-Westfalen;sozialhilfe;99107009017000;true;landesweit;Sozialhilfe beantragen;false;;false;https://sozialplattform.de/leistung/grundsicherung-im-alter-antrag;https://sozialplattform.de/leistung/grundsicherung-im-alter-antrag;false;Ministerium für Arbeit, Gesundheit und Soziales NRW;2022-07-29;2026-01-27T10:21:31.294Z;
059130000000;Dortmund;Nordrhein-Westfalen;sterbefall;99101004012000;true;landesweit;Sterbeurkunde eines Familienmitglieds beantragen;false;15 / 7.5 / 38.5 / 17 / 66;false;https://www.dortmund.de/services/personenstandsurkunde-anfordern-nutzung-fuer-ahnen-oder-familienforschung-moeglich.html;https://www.dortmund.de/services/personenstandsurkunde-anfordern-nutzung-fuer-ahnen-oder-familienforschung-moeglich.html;false;Ministerium des Innern des Landes Nordrhein-Westfalen;2021-04-15;2025-10-27T10:45:43.043Z;
059130000000;Dortmund;Nordrhein-Westfalen;steuer-identifikationsnummer;99102064058000;true;bundesweit;Steuerliche Identifikationsnummer (IdNr) oder Kirchensteuerabzugsmerkmal (KiStAM) anfragen;false;;false;https://www.elster.de/bportal/start;https://fimportal.de/detail/L/99102064058000;false;Bundesministerium der Finanzen (BMF) im Auftrag des Einheitlichen Ansprechpartners der Länder (EAP);2022-03-03;2025-09-09T09:53:31.045Z;
059130000000;Dortmund;Nordrhein-Westfalen;steuerliche-erfassung;99102019120000;true;landesweit;Unternehmen oder selbstständige Tätigkeit zur Steuer anmelden;false;;false;https://www.elster.de/eportal/start;https://www.elster.de/eportal/start;false;Bundesministerium der Finanzen (BMF);2020-01-01;2025-10-27T10:24:34.599Z;
059130000000;Dortmund;Nordrhein-Westfalen;unterhaltsvorschuss;99107021017000;true;landesweit;Unterhaltsvorschuss;false;;false;https://www.dortmund.de/services/unterhaltsvorschuss.html;https://www.dortmund.de/services/unterhaltsvorschuss.html;false;Ministerium für Kinder, Jugend, Familie, Gleichstellung, Flucht und Integration des Landes Nordrhein-Westfalen;2023-02-10;2026-03-16T11:34:12.705Z;
059130000000;Dortmund;Nordrhein-Westfalen;vaterschaftsanerkennung;99133001026000;true;landesweit;Vaterschaftsanerkennung;false;30;false;https://www.dortmund.de/services/vaterschaftsanerkennung.html;https://www.dortmund.de/services/vaterschaftsanerkennung.html;false;Senator für Inneres, Referat 23 – Personenstandrecht, des Landes Bremen;2020-10-09;2026-05-21T10:29:33.080Z;
059130000000;Dortmund;Nordrhein-Westfalen;veranstaltung-anmelden;99089016008000;true;landesweit;Eine Versammlung anmelden;false;;false;https://formulare.polizei.nrw/de/versammlung;https://formulare.polizei.nrw/de/versammlung;false;Ministerium für Inneres, Kommunales, Wohnen und Sport des Landes Schleswig-Holstein (MIKWS);2022-07-12;2025-10-27T10:30:47.711Z;
059130000000;Dortmund;Nordrhein-Westfalen;verpflichtungserklaerung;99010005261000;false;;;false;;true;;;true;;;;
059130000000;Dortmund;Nordrhein-Westfalen;wohnberechtigungsschein;99107022012000;true;landesweit;Wohnberechtigungsschein beantragen;false;25;false;https://www.dortmund.de/services/wohnraumvermittlung-wohnberechtigungsschein-zinssenkungsantrag.html;https://www.dortmund.de/services/wohnraumvermittlung-wohnberechtigungsschein-zinssenkungsantrag.html;false;Niedersächsisches Ministerium für Umwelt, Energie, Bauen und Klimaschutz;2022-07-11;2026-04-22T12:08:09.585Z;
059130000000;Dortmund;Nordrhein-Westfalen;wohngeld;99107023037000;true;landesweit;Wohngeld erstmalig oder neu beantragen;false;;false;;;true;Bundesministerium für Wohnen, Stadtentwicklung und Bauwesen (BMWSB);2025-06-26;2025-09-24T16:31:10.201Z;
059130000000;Dortmund;Nordrhein-Westfalen;wohnsitz-abmeldung;99115005070000;false;;;false;;true;;;true;;;;
059130000000;Dortmund;Nordrhein-Westfalen;wohnsitz-anmeldung;99115005104001;true;landesweit;Wohnsitz Anmeldung als Hauptwohnsitz;false;;false;;;true;Ministerium des Innern des Landes Nordrhein-Westfalen;2021-11-09;2025-10-27T10:46:44.981Z;
059130000000;Dortmund;Nordrhein-Westfalen;wohnungsgeberbestaetigung;99115005104000;true;landesweit;Wohnsitz anmelden;false;;false;https://www.dortmund.de/services/ummeldung-einer-wohnung-innerhalb-dortmunds.html;https://www.dortmund.de/services/ummeldung-einer-wohnung-innerhalb-dortmunds.html;false;Ministerium des Innern des Landes Nordrhein-Westfalen;2021-11-11;2025-10-27T10:46:36.361Z;
059130000000;Dortmund;Nordrhein-Westfalen;wunschkennzeichen;99036049069000;false;;;false;;true;;;true;;;;
059130000000;Dortmund;Nordrhein-Westfalen;zweitwohnungsteuer;99102017002000;true;landesweit;Erklärung zur Zweitwohnungssteuer abgeben;false;;true;;;true;;;2025-09-24T13:25:30.053Z;
064120000000;Frankfurt am Main;Hessen;abgeschlossenheitsbescheinigung;99012002012000;false;;;false;;true;;;true;;;;
064120000000;Frankfurt am Main;Hessen;anerkennung-berufsabschluss;99019003016000;false;;;false;;true;;;true;;;;
064120000000;Frankfurt am Main;Hessen;arbeitslosengeld;99038001017000;true;bundesweit;Arbeitslosengeld beantragen;true;;false;https://www.arbeitsagentur.de/link/ozg3-078;https://fimportal.de/detail/L/99038001017000;false;Bundesministerium für Arbeit und Soziales (BMAS);2022-06-10;2025-09-09T09:33:51.786Z;
064120000000;Frankfurt am Main;Hessen;auslaender-aufenthaltserlaubnis;99010019020001;true;landesweit;Aufenthaltserlaubnis zu Aus- und Weiterbildungszwecken verlängern;false;;false;;https://www.hessenfinder.de/portaldeeplink/?tsa_leistung_id=369568470&tsa_sprache=de_DE;false;Hessisches Ministerium des Innern und für Sport (HMdIS);2021-11-03;2026-09-22T08:34:57.154Z;
064120000000;Frankfurt am Main;Hessen;ausweis-verlust;99008001014002;true;landesweit;Personalausweis Meldung wegen Verlust;false;;false;;https://www.hessenfinder.de/portaldeeplink/?tsa_leistung_id=376628972&tsa_sprache=de_DE;false;Hessisches Ministerium des Innern und für Sport (HMdIS);2022-07-22;2026-09-22T08:31:10.009Z;
064120000000;Frankfurt am Main;Hessen;bafoeg;99022001017003;true;landesweit;BAföG für ein Studium beantragen;false;;false;https://www.bafoeg-digital.de;https://www.hessenfinder.de/portaldeeplink/?tsa_leistung_id=8975186&tsa_sprache=de_DE;false;Bundesministerium für Bildung und Forschung (BMBF);2024-09-06;2026-06-16T14:57:15.647Z;
064120000000;Frankfurt am Main;Hessen;bauantrag;99012070006001;false;;;false;;true;;;true;;;;
064120000000;Frankfurt am Main;Hessen;baumfaellgenehmigung;99090023276000;true;landesweit;Beseitigung oder Abschneiden bestimmter Bäume, Hecken, lebender Zäune, Gebüsche innerhalb eines bestimmten Zeitraums beantragen;true;78.45 / 75 / 3.45 / 25;false;https://verwaltung-online.frankfurt.de/civ.public/start.html?oe=00.00.F.10.79.22.2&mode=cc&cc_key=Baumfaellung;https://www.hessenfinder.de/portaldeeplink/?tsa_leistung_id=8959867&tsa_gebiet_id=8935477&tsa_sprache=de_DE;false;Bundesministerium für Umwelt, Naturschutz, nukleare Sicherheit und Verbraucherschutz (BMUV);2022-07-12;2025-09-30T22:12:52.099Z;
064120000000;Frankfurt am Main;Hessen;bauvoranfrage;99012068006000;false;;;false;;true;;;true;;;;
064120000000;Frankfurt am Main;Hessen;bewohnerparkausweis;99108001001000;true;landesweit;Parkausweis für Bewohner (Bewohnerparkvorrechte);false;60 / 120 / 240 / 12;false;https://verwaltung-online.frankfurt.de/civ.public/start.html?oe=00.00.F.06.36.33.01&mode=cc&cc_key=BewohnerparkenNeu;https://www.hessenfinder.de/portaldeeplink/?tsa_leistung_id=8964413&tsa_gebiet_id=8935477&tsa_sprache=de_DE;false;Hessisches Ministerium für Wirtschaft, Energie, Verkehr und Landesentwicklung (HMfWEVW);2023-11-10;2026-09-22T09:28:14.562Z;
064120000000;Frankfurt am Main;Hessen;buergergeld;99107108017000;true;bundesweit;Grundsicherungsgeld beantragen;true;;false;https://www.arbeitsagentur.de/link/ozg2-094;https://fimportal.de/detail/L/99107108017000;false;Bundesministerium für Arbeit und Soziales (BMAS);2026-02-09;2026-09-21T14:30:08.090Z;
064120000000;Frankfurt am Main;Hessen;ehefaehigkeitszeugnis;99059002012000;true;landesweit;Beantragung der Ausstellung eines Ehefähigkeitszeugnisses für deutsche Staatsangehörige, Staatenlose, heimatlose Ausländer oder ausländische Flüchtlinge im Sinne des Abkommens über die Rechtsstellung der Flüchtlinge mit gewöhnlichem Aufenthalt im Inland;false;;false;https://verwaltung-online.frankfurt.de/civ.public/start.html?oe=00.00.F.08.34.02&mode=cc&cc_key=AuskunftEheschliessung;https://www.hessenfinder.de/portaldeeplink/?tsa_leistung_id=8966460&tsa_gebiet_id=8935477&tsa_sprache=de_DE;false;Hessisches Ministerium des Innern und für Sport (HMdIS);2022-11-07;2026-09-22T08:39:44.744Z;
064120000000;Frankfurt am Main;Hessen;eheschliessung;99059001104000;true;landesweit;Heirat anmelden;false;;false;https://verwaltung-online.frankfurt.de/civ.public/start.html?oe=00.00.F.08.34.02&mode=cc&cc_key=AuskunftEheschliessung;https://www.hessenfinder.de/portaldeeplink/?tsa_leistung_id=8966480&tsa_gebiet_id=8935477&tsa_sprache=de_DE;false;Hessisches Ministerium des Innern, für Sicherheit und Heimatschutz (HMdI);2024-08-13;2026-09-22T08:41:55.334Z;
064120000000;Frankfurt am Main;Hessen;eid-online-ausweisfunktion;99008004180000;true;landesweit;Elektronischen Identitätsnachweis aktivieren;false;;false;;https://www.hessenfinder.de/portaldeeplink/?tsa_leistung_id=376409132&tsa_sprache=de_DE;false;Hessisches Ministerium des Innern und für Sport (HMdIS);2022-11-04;2026-09-22T08:41:16.352Z;
064120000000;Frankfurt am Main;Hessen;einbuergerung;99099002067000;true;landesweit;Einbürgerung;false;255;false;;https://www.hessenfinder.de/portaldeeplink/?tsa_leistung_id=8967836&tsa_sprache=de_DE;false;Hessisches Ministerium des Innern, für Sicherheit und Heimatschutz (HMdI);2024-08-13;2026-09-22T08:41:48.710Z;
064120000000;Frankfurt am Main;Hessen;einkommensteuererklaerung;99102008002000;true;landesweit;Einkommensteuer;false;;true;https://verwaltungsportal.hessen.de/finanzamtssuche;https://www.hessenfinder.de/portaldeeplink/?tsa_leistung_id=8959080&tsa_sprache=de_DE;false;Hessisches Ministerium der Finanzen (HMdF);2021-07-09;2026-09-22T08:21:34.626Z;
064120000000;Frankfurt am Main;Hessen;elterngeld;99041006017000;true;landesweit;Elterngeld beantragen;false;;false;https://elterngeld.hessen.de/elterngeld-onlineantrag/default.aspx;https://www.hessenfinder.de/portaldeeplink/?tsa_leistung_id=8964770&tsa_sprache=de_DE;false;Hessisches Ministerium für Familie, Senioren, Sport, Gesundheit und Pflege (HMFG);2025-05-15;2026-09-22T08:53:01.379Z;
064120000000;Frankfurt am Main;Hessen;fischereischein;99042001012000;false;;;false;;true;;;true;;;;
064120000000;Frankfurt am Main;Hessen;fuehrerschein-ersterteilung;99108047001001;true;landesweit;Erteilung einer Fahrerlaubnis beantragen;true;44.7;false;https://portal-civ-efa.ekom21.de/civ-efa-fsa.public/start.html?oe=00.00.FS.06.ffm&mode=cc&cc_key=Fahrerlaubnisantrag;https://www.hessenfinder.de/portaldeeplink/?tsa_leistung_id=8962671&tsa_gebiet_id=8935477&tsa_sprache=de_DE;false;Hessisches Ministerium für Wirtschaft, Energie, Verkehr und Landesentwicklung (HMfWEVW);2022-08-19;2026-09-22T09:28:30.180Z;
064120000000;Frankfurt am Main;Hessen;fuehrerschein-umtausch;99108049012001;false;;;false;;true;;;true;;;;
064120000000;Frankfurt am Main;Hessen;fuehrerschein-verlust;99108049012005;true;landesweit;Neue Ausstellung eines Führerscheins wegen Namensänderung, Diebstahl, Unleserlichkeit oder Verlust;false;30.3 / 42.3;false;;https://www.hessenfinder.de/portaldeeplink/?tsa_leistung_id=8962387&tsa_gebiet_id=8935477&tsa_sprache=de_DE;false;Hessisches Ministerium für Wirtschaft, Energie, Verkehr und Landesentwicklung (HMfWEVW);2022-08-10;2026-09-22T09:28:35.773Z;
064120000000;Frankfurt am Main;Hessen;fuehrungszeugnis;99049001001000;true;bundesweit;Führungszeugnis beantragen;true;13;false;https://www.fuehrungszeugnis.bund.de/;https://fimportal.de/detail/L/99049001001000;false;Bundesministerium der Justiz (BMJ);2024-06-10;2026-07-16T10:01:00.430Z;
064120000000;Frankfurt am Main;Hessen;gaststaettenerlaubnis;99025002005000;false;;;false;;true;;;true;;;;
064120000000;Frankfurt am Main;Hessen;geburtsurkunde;99027002012000;true;landesweit;"Geburtsurkunde; Ausstellung";false;12 / 6;false;https://verwaltung-online.frankfurt.de/civ.public/start.html?oe=00.00.F.08.34.32&mode=cc&cc_key=Geburtsurkunde;https://www.hessenfinder.de/portaldeeplink/?tsa_leistung_id=346540178&tsa_gebiet_id=8935477&tsa_sprache=de_DE;false;Hessisches Ministerium des Innern und für Sport (HMdIS);2022-10-20;2026-09-22T08:37:59.253Z;
064120000000;Frankfurt am Main;Hessen;gewerbeabmeldung;99050012070000;true;landesweit;Gewerbe abmelden;false;;true;;https://www.hessenfinder.de/portaldeeplink/?tsa_leistung_id=8957943&tsa_sprache=de_DE;false;Hessisches Ministerium für Wirtschaft, Energie, Verkehr, Wohnen und ländlichen Raum (HMWVW);2026-07-02;2026-09-22T08:14:58.150Z;
064120000000;Frankfurt am Main;Hessen;gewerbeanmeldung;99050012104000;true;landesweit;Gewerbe anmelden;false;;true;https://verwaltung-online.frankfurt.de/civ.public/start.html?oe=00.00.F.09.32.23&mode=cc&cc_key=Gewerbeangelegenheiten;https://www.hessenfinder.de/portaldeeplink/?tsa_leistung_id=8957937&tsa_sprache=de_DE;false;Hessisches Ministerium für Wirtschaft, Energie, Verkehr, Wohnen und ländlichen Raum (HMWVW);2026-07-02;2026-09-22T09:22:05.457Z;
064120000000;Frankfurt am Main;Hessen;gewerbesteuer;99102010002000;true;landesweit;Gewerbesteuer;false;;true;https://verwaltungsportal.hessen.de/finanzamtssuche;https://www.hessenfinder.de/portaldeeplink/?tsa_leistung_id=8957981&tsa_sprache=de_DE;false;Hessisches Ministerium der Finanzen (HMdF);2021-06-30;2026-09-22T08:21:37.935Z;
064120000000;Frankfurt am Main;Hessen;gewerbeummeldung;99050012071000;true;landesweit;Gewerbe ummelden;false;;true;;https://www.hessenfinder.de/portaldeeplink/?tsa_leistung_id=8961080&tsa_sprache=de_DE;false;Hessisches Ministerium für Wirtschaft, Energie, Verkehr, Wohnen und ländlichen Raum (HMWVW);2026-07-02;2026-09-22T08:14:54.830Z;
064120000000;Frankfurt am Main;Hessen;gewerbezentralregister;99052002109000;true;bundesweit;Auskunft aus dem Gewerbezentralregister beantragen;true;13;false;https://www.bundesjustizamt.de/DE/Themen/ZentraleRegister/Gewerbezentralregister/Gewerbezentralregister_node.html;https://fimportal.de/detail/L/99052002109000;false;Bundesministerium der Justiz und für Verbraucherschutz (BMJV);2026-05-27;2026-06-16T13:49:10.028Z;
064120000000;Frankfurt am Main;Hessen;grundsteuer;99102012002000;true;landesweit;Grundsteuerbescheid für Grundstücke erhalten;false;;false;https://www.elster.de/eportal/start;https://www.hessenfinder.de/portaldeeplink/?tsa_leistung_id=365730341&tsa_sprache=de_DE;false;Hessisches Ministerium der Finanzen (HMdF);2021-07-29;2026-09-22T08:19:33.494Z;
064120000000;Frankfurt am Main;Hessen;halteverbotszone;99108011153000;true;landesweit;Halteverbotszone einrichten;false;10.2;false;;https://www.hessenfinder.de/portaldeeplink/?tsa_leistung_id=380871478&tsa_gebiet_id=8935477&tsa_sprache=de_DE;false;;;2024-07-07T22:56:13.072Z;
064120000000;Frankfurt am Main;Hessen;hundesteuer;99102013104000;true;landesweit;Hundesteuer - Hund anmelden;false;;false;https://verwaltung-online.frankfurt.de/civ.public/start.html?oe=00.00.F.02.21.03.03.01&mode=cc&cc_key=AnmeldungHund;https://www.hessenfinder.de/portaldeeplink/?tsa_leistung_id=8966865&tsa_gebiet_id=8935477&tsa_sprache=de_DE;false;Hessisches Ministerium des Innern und für Sport (HMdIS);2020-03-31;2026-09-22T08:14:00.064Z;
064120000000;Frankfurt am Main;Hessen;internationaler-fuehrerschein;99108062012000;true;landesweit;Internationalen Führerschein beantragen;false;;false;;https://www.hessenfinder.de/portaldeeplink/?tsa_leistung_id=8962579&tsa_gebiet_id=8935477&tsa_sprache=de_DE;false;Hessisches Ministerium für Wirtschaft, Energie, Verkehr und Landesentwicklung (HMfWEVW);2022-11-18;2026-09-22T09:28:32.471Z;
064120000000;Frankfurt am Main;Hessen;jagdschein;99067004001000;true;landesweit;Jagdschein;false;40 / 95 / 18 / 15;false;;https://www.hessenfinder.de/portaldeeplink/?tsa_leistung_id=8967565&tsa_sprache=de_DE;false;Hessisches Ministerium für Umwelt, Klimaschutz, Landwirtschaft und Verbraucherschutz (HMUKLV);2017-06-19;2026-09-22T09:17:02.370Z;
064120000000;Frankfurt am Main;Hessen;kfz-abmeldung;99036026017000;true;landesweit;Außerbetriebsetzung für ein Fahrzeug beantragen;true;17.4 / 15.9 / 1.2 / 0.3 / 2.7;false;https://www.behoerden-serviceportal.de/onlineantraege/onlineantrag?prozessKey=m40191.ab&oeId=L100001.OE.9652963&leistungId=99036026017000&p=064120;https://www.hessenfinder.de/portaldeeplink/?tsa_leistung_id=400368624&tsa_sprache=de_DE;false;Hessisches Ministerium für Wirtschaft, Energie, Verkehr, Wohnen und ländlichen Raum (HMWVW);2026-02-09;2026-09-22T09:31:40.645Z;
064120000000;Frankfurt am Main;Hessen;kfz-zulassung;99036020001000;true;landesweit;Erstzulassung eines Fahrzeugs Erteilung;false;;true;https://www.behoerden-serviceportal.de/onlineantraege/onlineantrag?prozessKey=m40191.zl&oeId=L100001.OE.9652963&leistungId=99036020001000&p=064120;https://www.hessenfinder.de/portaldeeplink/?tsa_leistung_id=400350793&tsa_sprache=de_DE;false;Hessisches Ministerium für Wirtschaft, Energie, Verkehr, Wohnen und ländlichen Raum (HMWVW);2024-03-01;2026-09-22T09:31:43.955Z;
064120000000;Frankfurt am Main;Hessen;kindergeld;99041008017000;true;bundesweit;Kindergeld beantragen;false;;false;https://www.arbeitsagentur.de/familie-und-kinder/infos-rund-um-kindergeld/kindergeld-anspruch-hoehe-dauer/kindergeld-antrag-starten;https://fimportal.de/detail/L/99041008017000;false;Bundesministerium der Finanzen (BMF);2026-03-31;2026-04-02T08:52:52.904Z;
064120000000;Frankfurt am Main;Hessen;meldebescheinigung;99115003012000;true;landesweit;Meldebestätigung Ausstellung;false;;false;https://wohnsitzanmeldung.gov.de/;https://www.hessenfinder.de/portaldeeplink/?tsa_leistung_id=8966884&tsa_sprache=de_DE;false;Hessisches Ministerium des Innern und für Sport (HMdIS);2021-09-30;2026-09-22T08:39:32.738Z;
064120000000;Frankfurt am Main;Hessen;mutterschutz;99107018017001;true;bundesweit;Mutterschaftsgeld als gesetzlich Krankenversicherte beantragen;false;;false;https://bundesportal.gkv-spitzenverband.de/?ID=21;https://fimportal.de/detail/L/99107018017001;false;Bundesministerium für Gesundheit (BMG);2025-08-13;2025-12-01T13:47:52.297Z;
064120000000;Frankfurt am Main;Hessen;niederlassungserlaubnis;99010003001013;false;;;false;;true;;;true;;;;
064120000000;Frankfurt am Main;Hessen;personalausweis;99008001012000;true;landesweit;Personalausweis beantragen;true;27.6 / 46 / 6 / 10 / 15 / 13 / 30;false;;https://www.hessenfinder.de/portaldeeplink/?tsa_leistung_id=8959293&tsa_gebiet_id=8935477&tsa_sprache=de_DE;false;Hessisches Ministerium des Innern, für Sicherheit und Heimatschutz (HMdI);2025-12-02;2026-09-22T08:42:52.789Z;
064120000000;Frankfurt am Main;Hessen;personenstandsurkunde;99059004012000;true;landesweit;Eheurkunde beantragen;false;;false;https://verwaltung-online.frankfurt.de/civ.public/start.html?oe=00.00.F.08.34.31&mode=cc&cc_key=Eheurkunde;https://www.hessenfinder.de/portaldeeplink/?tsa_leistung_id=8966550&tsa_gebiet_id=8935477&tsa_sprache=de_DE;false;Hessisches Ministerium des Innern und für Sport (HMdIS);2022-09-23;2026-09-22T08:26:52.788Z;
064120000000;Frankfurt am Main;Hessen;reisegewerbekarte;99050023005000;true;landesweit;Reisegewerbekarte: Ausstellung, Erweiterung, Verlängerung;false;;false;;https://www.hessenfinder.de/portaldeeplink/?tsa_leistung_id=8965679&tsa_sprache=de_DE;false;;;2024-07-07T22:32:47.497Z;
064120000000;Frankfurt am Main;Hessen;reisepass;99085001012000;true;landesweit;Reisepass beantragen;true;70 / 37.5 / 32 / 22 / 31 / 6 / 15 / 59.5 / 92;false;;https://www.hessenfinder.de/portaldeeplink/?tsa_leistung_id=8959460&tsa_gebiet_id=8935477&tsa_sprache=de_DE;false;Hessisches Ministerium des Innern, für Sicherheit und Heimatschutz (HMdI);2025-12-02;2026-09-22T08:42:07.531Z;
064120000000;Frankfurt am Main;Hessen;rente-altersrente;99114045017001;true;bundesweit;Regelaltersrente beantragen;false;;false;https://www.deutsche-rentenversicherung.de/DRV/DE/Online-Services/online-services_node.html;https://fimportal.de/detail/L/99114045017001;false;Bundesministerium für Arbeit und Soziales (BMAS);2022-07-13;2025-09-09T10:01:02.709Z;
064120000000;Frankfurt am Main;Hessen;schuelerbefoerderung;99088011039000;false;;;false;;true;;;true;;;;
064120000000;Frankfurt am Main;Hessen;schwerbehindertenausweis;99015007012000;true;landesweit;Schwerbehindertenausweis beantragen;true;;false;https://schwerbehindertenantrag.hessen.de/FV/spa/Ozg/main/portal;https://www.hessenfinder.de/portaldeeplink/?tsa_leistung_id=345421521&tsa_sprache=de_DE;false;Hessisches Ministerium für Arbeit, Integration, Jugend und Soziales (HMSI);2024-10-22;2026-09-22T08:45:15.038Z;
064120000000;Frankfurt am Main;Hessen;schwerbehindertenparkausweis;99108009012000;true;landesweit;Parkausweis für schwerbehinderte Menschen beantragen;true;;false;https://verwaltung-online.frankfurt.de/civ.public/start.html?oe=00.00.F.06.36.33.01&mode=cc&cc_key=Behindertenparkausweis;https://www.hessenfinder.de/portaldeeplink/?tsa_leistung_id=8961291&tsa_gebiet_id=8935477&tsa_sprache=de_DE;false;Hessisches Ministerium für Soziales und Integration (HMSI);2017-12-04;2026-09-22T08:57:03.508Z;
064120000000;Frankfurt am Main;Hessen;sondernutzungserlaubnis;99053004006000;false;;;false;;true;;;true;;;;
064120000000;Frankfurt am Main;Hessen;sozialhilfe;99107009017000;false;;;false;;true;;;true;;;;
064120000000;Frankfurt am Main;Hessen;sterbefall;99101004012000;true;landesweit;Sterbeurkunde Ausstellung;false;12 / 6;false;https://verwaltung-online.frankfurt.de/civ.public/start.html?oe=00.00.F.08.34.32&mode=cc&cc_key=Sterbeurkunde;https://www.hessenfinder.de/portaldeeplink/?tsa_leistung_id=8968163&tsa_gebiet_id=8935477&tsa_sprache=de_DE;false;Hessisches Ministerium des Innern und für Sport (HMdIS);2020-12-17;2026-09-22T08:39:23.994Z;
064120000000;Frankfurt am Main;Hessen;steuer-identifikationsnummer;99102064058000;true;bundesweit;Steuerliche Identifikationsnummer (IdNr) oder Kirchensteuerabzugsmerkmal (KiStAM) anfragen;false;;false;https://www.elster.de/bportal/start;https://fimportal.de/detail/L/99102064058000;false;Bundesministerium der Finanzen (BMF) im Auftrag des Einheitlichen Ansprechpartners der Länder (EAP);2022-03-03;2025-09-09T09:53:31.045Z;
064120000000;Frankfurt am Main;Hessen;steuerliche-erfassung;99102019120000;true;landesweit;Steuerliche Anmeldung eines Unternehmens Zusendung;false;;false;https://verwaltungsportal.hessen.de/finanzamtssuche;https://www.hessenfinder.de/portaldeeplink/?tsa_leistung_id=365573585&tsa_sprache=de_DE;false;Hessisches Ministerium der Finanzen (HMdF);2021-06-01;2026-09-22T08:19:36.803Z;
064120000000;Frankfurt am Main;Hessen;unterhaltsvorschuss;99107021017000;true;landesweit;Unterhaltsvorschuss für Kinder von Alleinerziehenden beantragen;false;;false;;https://www.hessenfinder.de/portaldeeplink/?tsa_leistung_id=8964921&tsa_gebiet_id=8935477&tsa_sprache=de_DE;false;Hessisches Ministerium für Familie, Senioren, Sport, Gesundheit und Pflege (HMFG);2026-07-08;2026-09-22T08:52:58.094Z;
064120000000;Frankfurt am Main;Hessen;vaterschaftsanerkennung;99133001026000;true;landesweit;Vaterschaftsanerkennung;false;30;false;;https://www.hessenfinder.de/portaldeeplink/?tsa_leistung_id=8965044&tsa_gebiet_id=8935477&tsa_sprache=de_DE;false;Hessisches Ministerium der Justiz (HMdJ);2021-05-07;2026-09-22T08:26:06.977Z;
064120000000;Frankfurt am Main;Hessen;veranstaltung-anmelden;99089016008000;true;landesweit;Eine Versammlung anzeigen;false;;false;;https://www.hessenfinder.de/portaldeeplink/?tsa_leistung_id=8965238&tsa_sprache=de_DE;false;Hessisches Ministerium des Innern, für Sicherheit und Heimatschutz (HMdI);2025-09-01;2026-09-22T08:41:58.654Z;
064120000000;Frankfurt am Main;Hessen;verpflichtungserklaerung;99010005261000;true;landesweit;Verpflichtungserklärung abgeben;true;29;false;;https://www.hessenfinder.de/portaldeeplink/?tsa_leistung_id=8975306&tsa_gebiet_id=8935477&tsa_sprache=de_DE;false;Hessisches Ministerium des Innern, für Sicherheit und Heimatschutz (HMdI);2026-01-15;2026-09-22T08:41:43.209Z;
064120000000;Frankfurt am Main;Hessen;wohnberechtigungsschein;99107022012000;true;landesweit;Wohnberechtigungsschein beantragen;true;;false;;https://www.hessenfinder.de/portaldeeplink/?tsa_leistung_id=8967500&tsa_gebiet_id=8935477&tsa_sprache=de_DE;false;Hessisches Ministerium für Wirtschaft, Energie, Verkehr und Landesentwicklung (HMfWEVW);2023-11-30;2026-09-22T09:28:08.970Z;
064120000000;Frankfurt am Main;Hessen;wohngeld;99107023037000;true;landesweit;Wohngeld;false;;true;https://serviceportal.gemeinsamonline.de/Onlinedienste/Service/Entry/WOGEMIZUEA;https://www.hessenfinder.de/portaldeeplink/?tsa_leistung_id=8967519&tsa_gebiet_id=8935477&tsa_sprache=de_DE;false;Hessisches Ministerium für Wirtschaft, Energie, Verkehr und Landesentwicklung (HMfWEVW);2013-07-10;2026-09-22T09:20:37.747Z;
064120000000;Frankfurt am Main;Hessen;wohnsitz-abmeldung;99115005070000;true;landesweit;Wohnsitz Abmeldung;true;;false;https://onlineantrag.ekom21.de/olav/olav.htm?_flowId=anundabmeldungnebenwohnung-flow&_flowExecutionKey=e1s1;https://www.hessenfinder.de/portaldeeplink/?tsa_leistung_id=8968283&tsa_gebiet_id=8935477&tsa_sprache=de_DE;false;Hessisches Ministerium des Innern, für Sicherheit und Heimatschutz (HMdI);2025-05-27;2026-09-22T08:40:36.369Z;
064120000000;Frankfurt am Main;Hessen;wohnsitz-anmeldung;99115005104001;true;landesweit;Wohnung - Anmeldung als Hauptwohnung;false;;false;https://wohnsitzanmeldung.gov.de/;https://www.hessenfinder.de/portaldeeplink/?tsa_leistung_id=365746464&tsa_sprache=de_DE;false;Hessisches Ministerium des Innern und für Sport (HMdIS);2023-11-14;2026-09-22T08:26:58.408Z;
064120000000;Frankfurt am Main;Hessen;wohnungsgeberbestaetigung;99115005104000;true;landesweit;Wohnung Anmeldung;false;;false;https://wohnsitzanmeldung.gov.de/;https://www.hessenfinder.de/portaldeeplink/?tsa_leistung_id=8966931&tsa_sprache=de_DE;false;Hessisches Ministerium des Innern, für Sicherheit und Heimatschutz (HMdI);2025-10-31;2026-09-22T08:41:52.015Z;
064120000000;Frankfurt am Main;Hessen;wunschkennzeichen;99036049069000;true;landesweit;Wunschkennzeichen für ein Fahrzeug beantragen;false;12.8;false;https://kfzonline.ekom21.de/kfzonline.public/start.html?oe=00.00.06.412000;https://www.hessenfinder.de/portaldeeplink/?tsa_leistung_id=8963394&tsa_sprache=de_DE;false;;;2025-02-25T14:10:26.167Z;
064120000000;Frankfurt am Main;Hessen;zweitwohnungsteuer;99102017002000;true;landesweit;Zweitwohnungssteuer bezahlen;false;;false;https://verwaltung-online.frankfurt.de/civ.public/start.html?oe=00.00.F.02.21.03.03.03&mode=cc&cc_key=Zweitwohnung;https://www.hessenfinder.de/portaldeeplink/?tsa_leistung_id=8966960&tsa_gebiet_id=8935477&tsa_sprache=de_DE;false;Hessisches Ministerium des Innern, für Sicherheit und Heimatschutz (HMdI);2025-09-02;2026-09-22T08:42:10.809Z;
081110000000;Stuttgart;Baden-Württemberg;abgeschlossenheitsbescheinigung;99012002012000;true;landesweit;Abgeschlossenheitsbescheinigung zur Aufteilung eines Gebäudes beantragen;false;;false;;https://www.service-bw.de/leistung/-/sbw/id-1914-leistung-0;false;14.10.2025 Justizministerium Baden-Württemberg;2025-10-14;2026-07-09T19:26:43.508Z;
081110000000;Stuttgart;Baden-Württemberg;anerkennung-berufsabschluss;99019003016000;true;kommunal;Anerkennung ausländischer Berufsabschlüsse;false;;false;;https://www.service-bw.de/leistung/-/sbw/id-6014161-leistung-0;false;19.12.2022, Notarkammer Baden-Württemberg.;2022-12-19;2026-07-30T19:10:45.080Z;
081110000000;Stuttgart;Baden-Württemberg;arbeitslosengeld;99038001017000;true;bundesweit;Arbeitslosengeld beantragen;true;;false;https://www.arbeitsagentur.de/link/ozg3-078;https://fimportal.de/detail/L/99038001017000;false;Bundesministerium für Arbeit und Soziales (BMAS);2022-06-10;2025-09-09T09:33:51.786Z;
081110000000;Stuttgart;Baden-Württemberg;auslaender-aufenthaltserlaubnis;99010019020001;true;landesweit;Aufenthaltserlaubnis zum Zweck der Ausbildung verlängern;false;;false;https://www.stuttgart.de/buergerinnen-und-buerger/migranten/informationen-der-auslaenderbehoerde/kontakt-und-antrag/antrag-stellen.php;https://www.service-bw.de/leistung/-/sbw/id-1620-leistung-0;false;24.01.2024 Justizministerium Baden-Württemberg;2024-01-24;2026-10-02T19:30:35.528Z;
081110000000;Stuttgart;Baden-Württemberg;ausweis-verlust;99008001014002;false;;;false;;true;;;true;;;;
081110000000;Stuttgart;Baden-Württemberg;bafoeg;99022001017003;true;landesweit;BAföG für ein Studium beantragen;false;;false;https://www.bafoeg-digital.de/;https://www.service-bw.de/leistung/-/sbw/id-577-leistung-0;false;13.04.2026 Wissenschaftsministerium Baden-Württemberg;2026-04-13;2026-07-09T19:24:22.119Z;
081110000000;Stuttgart;Baden-Württemberg;bauantrag;99012070006001;true;landesweit;Baugenehmigung im vereinfachten Verfahren beantragen;false;;false;https://www.service-bw.de/zufi/leistungen/6023041?plz=70435-70599-70437-70178-70376-70199-70378-70499-70597-70372-70174-70173-70195-70176-70374-70197-70192-70191-70193-70190-70629-70329-70567-70327-70569-70469-70563-70188-70565-70184-70186-70180-70182-70619-70439&ags=08111000;https://www.service-bw.de/leistung/-/sbw/id-960-leistung-0;false;04.05.2026 Ministerium für Landesentwicklung und Wohnen Baden-Württemberg;2026-05-04;2026-07-30T19:37:16.151Z;
081110000000;Stuttgart;Baden-Württemberg;baumfaellgenehmigung;99090023276000;false;;;false;;true;;;true;;;;
081110000000;Stuttgart;Baden-Württemberg;bauvoranfrage;99012068006000;true;landesweit;Bauvorbescheid beantragen;false;;false;https://www.service-bw.de/zufi/leistungen/6023041?plz=70435-70599-70437-70178-70376-70199-70378-70499-70597-70372-70174-70173-70195-70176-70374-70197-70192-70191-70193-70190-70629-70329-70567-70327-70569-70469-70563-70188-70565-70184-70186-70180-70182-70619-70439&ags=08111000;https://www.service-bw.de/leistung/-/sbw/id-454-leistung-0;false;30.01.2026 Ministerium für Landesentwicklung und Wohnen Baden-Württemberg;2026-01-30;2026-07-14T19:28:10.307Z;
081110000000;Stuttgart;Baden-Württemberg;bewohnerparkausweis;99108001001000;false;;;false;;true;;;true;;;;
081110000000;Stuttgart;Baden-Württemberg;buergergeld;99107108017000;true;landesweit;Bürgergeld beantragen;false;;false;;https://www.service-bw.de/leistung/-/sbw/id-599-leistung-0;false;16.02.2026 Bundesministerium für Arbeit und Soziales (BMAS);2026-02-16;2026-07-09T19:53:23.014Z;
081110000000;Stuttgart;Baden-Württemberg;ehefaehigkeitszeugnis;99059002012000;true;landesweit;Ehefähigkeitszeugnis beantragen;false;;false;;https://www.service-bw.de/leistung/-/sbw/id-1822-leistung-0;false;24.04.2026 Innenministerium Baden-Württemberg;2026-04-24;2026-06-18T19:51:14.401Z;
081110000000;Stuttgart;Baden-Württemberg;eheschliessung;99059001104000;true;landesweit;Eheschließung anmelden;false;65 / 110 / 130 / 45;false;https://traukalender.stuttgart.de/de/Terminverwaltung-Stadt-158.html;https://www.service-bw.de/leistung/-/sbw/id-160-leistung-0;false;06.05.2026 Innenministerium Baden-Württemberg;2026-05-06;2026-07-09T19:52:08.680Z;
081110000000;Stuttgart;Baden-Württemberg;eid-online-ausweisfunktion;99008004180000;false;;;false;;true;;;true;;;;
081110000000;Stuttgart;Baden-Württemberg;einbuergerung;99099002067000;true;landesweit;Einbürgerung beantragen für Ausländer mit Einbürgerungsanspruch;false;;false;https://www.bayernportal.de/dokumente/onlineverfahren/039311358474;https://www.service-bw.de/leistung/-/sbw/id-258-leistung-0;false;14.07.2026 Innenministerium Baden-Württemberg;2026-07-14;2026-10-02T19:27:18.678Z;
081110000000;Stuttgart;Baden-Württemberg;einkommensteuererklaerung;99102008002000;true;landesweit;Einkommensteuer - Erklärung abgeben;false;;false;;https://www.service-bw.de/leistung/-/sbw/id-539-leistung-0;false;28.09.2026 Oberfinanzdirektion Baden-Württemberg als Vertreterin des Finanzministeriums Baden-Württemberg;2026-09-28;2026-10-02T19:28:42.890Z;
081110000000;Stuttgart;Baden-Württemberg;elterngeld;99041006017000;true;landesweit;Elterngeld beantragen;false;;false;https://www.behoerden-serviceportal.de/onlineantraege/onlineantrag?prozessKey=m6000081.elterngeldantrag3&oeId=L100022.OE.6015220&leistungId=99041006017000;https://www.service-bw.de/leistung/-/sbw/id-1224-leistung-0;false;26.11.2025 Landeskreditbank Baden-Württemberg;2025-11-26;2026-07-09T19:26:42.036Z;
081110000000;Stuttgart;Baden-Württemberg;fischereischein;99042001012000;true;landesweit;Fischereischein beantragen;false;12;false;https://www.service-bw.de/onlineantraege/onlineantrag?prozessKey=m40169.jugend_fischereischein_ravensburg&leistungId=242&ars=081110000000;https://www.service-bw.de/leistung/-/sbw/id-242-leistung-0;false;16.10.2025 Landwirtschaftsministerium Baden-Württemberg;2025-10-16;2026-07-09T19:06:27.569Z;
081110000000;Stuttgart;Baden-Württemberg;fuehrerschein-ersterteilung;99108047001001;true;landesweit;Fahrerlaubnis für die Klasse B erstmalig beantragen;false;;false;;https://www.service-bw.de/leistung/-/sbw/id-6022545-leistung-0;false;07.07.2025 Verkehrsministerium Baden-Württemberg;2025-07-07;2026-07-09T19:34:38.488Z;
081110000000;Stuttgart;Baden-Württemberg;fuehrerschein-umtausch;99108049012001;true;landesweit;Führerschein beantragen;false;45.9 / 45.1 / 5.1;false;https://portal-civ-efa.ekom21.de/civ-efa-fsa.public/start.html?oe=00.00.FS.08.S&mode=cc&cc_key=Fahrerlaubnisantrag;https://www.service-bw.de/leistung/-/sbw/id-417-leistung-0;false;04.02.2026 Verkehrsministerium Baden-Württemberg;2026-02-04;2026-10-02T19:09:30.610Z;
081110000000;Stuttgart;Baden-Württemberg;fuehrerschein-verlust;99108049012005;true;landesweit;Ersatzführerschein beantragen - nach Verlust oder Diebstahl;false;;false;;https://www.service-bw.de/leistung/-/sbw/id-348-leistung-0;false;03.02.2026 Verkehrsministerium Baden-Württemberg;2026-02-03;2026-10-02T19:09:34.428Z;
081110000000;Stuttgart;Baden-Württemberg;fuehrungszeugnis;99049001001000;true;bundesweit;Führungszeugnis beantragen;true;13;false;https://www.fuehrungszeugnis.bund.de/;https://fimportal.de/detail/L/99049001001000;false;Bundesministerium der Justiz (BMJ);2024-06-10;2026-07-16T10:01:00.430Z;
081110000000;Stuttgart;Baden-Württemberg;gaststaettenerlaubnis;99025002005000;false;;;false;;true;;;true;;;;
081110000000;Stuttgart;Baden-Württemberg;geburtsurkunde;99027002012000;true;landesweit;Geburtsurkunde beantragen;false;20;false;https://service.stuttgart.de/lhs-services/psu/index.php?uid=1001&opener=sde;https://www.service-bw.de/leistung/-/sbw/id-169-leistung-0;false;25.06.2026 Innenministerium Baden-Württemberg;2026-06-25;2026-07-02T19:15:19.563Z;
081110000000;Stuttgart;Baden-Württemberg;gewerbeabmeldung;99050012070000;true;landesweit;Gewerbe abmelden;false;;false;;https://www.service-bw.de/leistung/-/sbw/id-902-leistung-0;false;18.09.2026 Wirtschaftsministerium Baden-Württemberg;2026-09-18;2026-09-18T19:14:12.565Z;
081110000000;Stuttgart;Baden-Württemberg;gewerbeanmeldung;99050012104000;true;landesweit;Gewerbe anmelden;false;;false;https://www.service-bw.de/onlineantraege/onlineantrag?prozessKey=m1.p13.gewerbeanmeldungSuperprozess&leistungId=496&ars=081110000000;https://www.service-bw.de/leistung/-/sbw/id-496-leistung-0;false;18.09.2026 Wirtschaftsministerium Baden-Württemberg;2026-09-18;2026-09-18T19:19:13.926Z;
081110000000;Stuttgart;Baden-Württemberg;gewerbesteuer;99102010002000;true;landesweit;Gewerbesteuer - Erklärung abgeben;false;;false;;https://www.service-bw.de/leistung/-/sbw/id-1393-leistung-0;false;17.02.2026 Finanzministerium Baden-Württemberg;2026-02-17;2026-07-09T19:41:47.619Z;
081110000000;Stuttgart;Baden-Württemberg;gewerbeummeldung;99050012071000;true;landesweit;Gewerbe ummelden;false;;false;;https://www.service-bw.de/leistung/-/sbw/id-883-leistung-0;false;18.09.2026 Wirtschaftsministerium Baden-Württemberg;2026-09-18;2026-09-18T19:07:42.578Z;
081110000000;Stuttgart;Baden-Württemberg;gewerbezentralregister;99052002109000;true;landesweit;Gewerbezentralregister - Auskunft beantragen;false;13;false;https://www.fuehrungszeugnis.bund.de/ffw/form/display.do?%2524context=1BAE2B50F989F7B6655C;https://www.service-bw.de/leistung/-/sbw/id-1006-leistung-0;false;11.11.2024 Bundesamt fürJustiz;2024-11-11;2026-07-09T19:17:48.168Z;
081110000000;Stuttgart;Baden-Württemberg;grundsteuer;99102012002000;true;landesweit;Grundsteuer festsetzen;false;;false;;https://www.service-bw.de/leistung/-/sbw/id-1278-leistung-0;false;08.01.2026 Oberfinanzdirektion Baden-Württemberg als Vertreterin des Finanzministeriums Baden-Württemberg;2026-01-08;2026-07-09T19:21:49.436Z;
081110000000;Stuttgart;Baden-Württemberg;halteverbotszone;99108011153000;true;landesweit;Vorübergehendes Haltverbot einrichten;false;100;false;https://www.service-bw.de/onlineantraege/onlineantrag?prozessKey=m40169.p1005.universalprozess&leistungId=6026571&ars=081110000000;https://www.service-bw.de/leistung/-/sbw/id-105-leistung-0;false;23.07.2026 Verkehrsministerium Baden-Württemberg;2026-07-23;2026-10-02T19:27:26.393Z;
081110000000;Stuttgart;Baden-Württemberg;hundesteuer;99102013104000;true;landesweit;Hundesteuer - Hund anmelden;false;;false;https://www.service-bw.de/onlineantraege/onlineantrag?prozessKey=m6000831.SBWS-HSAn-HundesteuerAnmeldung&leistungId=130&ars=081110000000;https://www.service-bw.de/leistung/-/sbw/id-130-leistung-0;false;21.05.2026 Finanzministerium Baden-Württemberg, Innenministerium Baden-Württemberg;2026-05-21;2026-07-09T19:03:53.200Z;
081110000000;Stuttgart;Baden-Württemberg;internationaler-fuehrerschein;99108062012000;true;landesweit;Internationalen Führerschein beantragen;false;16.3 / 26.5;false;;https://www.service-bw.de/leistung/-/sbw/id-291-leistung-0;false;04.02.2026 Verkehrsministerium Baden-Württemberg;2026-02-04;2026-10-02T19:38:31.106Z;
081110000000;Stuttgart;Baden-Württemberg;jagdschein;99067004001000;true;landesweit;Jagdschein - Ausstellung beantragen;false;;false;https://www.service-bw.de/onlineantraege/onlineantrag?prozessKey=m40169.jagdschein_im&leistungId=222&ars=081110000000;https://www.service-bw.de/leistung/-/sbw/id-222-leistung-0;false;27.01.2026 Ministerium für Ernährung, Ländlichen Raum und Verbraucherschutz Baden-Württemberg;2026-01-27;2026-07-09T19:59:06.693Z;
081110000000;Stuttgart;Baden-Württemberg;kfz-abmeldung;99036026017000;true;landesweit;Abmeldung / Außerbetriebsetzung für ein Fahrzeug beantragen;false;;false;https://www.behoerden-serviceportal.de/onlineantraege/onlineantrag?prozessKey=m40191.ab&oeId=L100022.OE.6043503&leistungId=99036026017000&p=081110;https://www.service-bw.de/leistung/-/sbw/id-6019859-leistung-0;false;28.09.2026 Verkehrsministerium Baden-Württemberg;2026-09-28;2026-09-28T20:02:51.903Z;
081110000000;Stuttgart;Baden-Württemberg;kfz-zulassung;99036020001000;true;landesweit;Anmeldung eines Neuwagens (Neuzulassung eines Fahrzeugs) beantragen;false;;false;https://www.behoerden-serviceportal.de/onlineantraege/onlineantrag?prozessKey=m40191.zl&oeId=L100022.OE.6043503&leistungId=99036020001000&p=081110;https://www.service-bw.de/leistung/-/sbw/id-6019857-leistung-0;false;07.08.2026 Verkehrsministerium Baden-Württemberg;2026-08-07;2026-08-07T20:00:19.653Z;
081110000000;Stuttgart;Baden-Württemberg;kindergeld;99041008017000;true;landesweit;Kindergeld beantragen;false;;false;https://web.arbeitsagentur.de/opal/kgo-veraenderung-ui/;https://www.service-bw.de/leistung/-/sbw/id-6009311-leistung-0;false;26.01.2023 Familienkasse der Bundesagentur für Arbeit;2023-01-26;2026-07-09T19:33:39.166Z;
081110000000;Stuttgart;Baden-Württemberg;meldebescheinigung;99115003012000;true;landesweit;Amtliche Meldebestätigung ausstellen;false;;false;https://wohnsitzanmeldung.gov.de/;https://www.service-bw.de/leistung/-/sbw/id-6020169-leistung-0;false;25.06.2026 Innenministerium Baden-Württemberg;2026-06-25;2026-07-20T19:39:09.325Z;
081110000000;Stuttgart;Baden-Württemberg;mutterschutz;99107018017001;true;bundesweit;Mutterschaftsgeld als gesetzlich Krankenversicherte beantragen;false;;false;https://bundesportal.gkv-spitzenverband.de/?ID=21;https://fimportal.de/detail/L/99107018017001;false;Bundesministerium für Gesundheit (BMG);2025-08-13;2025-12-01T13:47:52.297Z;
081110000000;Stuttgart;Baden-Württemberg;niederlassungserlaubnis;99010003001013;true;landesweit;Niederlassungserlaubnis beantragen;false;;false;https://www.stuttgart.de/buergerinnen-und-buerger/migranten/informationen-der-auslaenderbehoerde/kontakt-und-antrag/antrag-stellen.php;https://www.service-bw.de/leistung/-/sbw/id-1447-leistung-0;false;21.01.2025 Justizministerium Baden-Württemberg;2025-01-21;2026-10-02T19:23:15.943Z;
081110000000;Stuttgart;Baden-Württemberg;personalausweis;99008001012000;true;landesweit;Personalausweis - Ausstellung wegen Namensänderung bei Heirat beantragen;false;46 / 27.6 / 6 / 15 / 13 / 30;false;;https://www.service-bw.de/leistung/-/sbw/id-176-leistung-0;false;28.07.2026 Innenministerium Baden-Württemberg;2026-07-28;2026-10-01T19:13:46.777Z;
081110000000;Stuttgart;Baden-Württemberg;personenstandsurkunde;99059004012000;true;landesweit;Ausstellung einer Eheurkunde beantragen;false;;false;https://service.stuttgart.de/lhs-services/psu/index.php?uid=1001&opener=sde;https://www.service-bw.de/leistung/-/sbw/id-895-leistung-0;false;24.06.2025 Innenministerium Baden-Württemberg;2025-06-24;2026-10-01T19:39:10.454Z;
081110000000;Stuttgart;Baden-Württemberg;reisegewerbekarte;99050023005000;true;landesweit;Reisegewerbekarte beantragen;false;;false;https://www.service-bw.de/onlineantraege/onlineantrag?prozessKey=m1.p4.reisegewerbetaetigkeitSuperprozess&leistungId=520&ars=081110000000;https://www.service-bw.de/leistung/-/sbw/id-520-leistung-0;false;23.04.2025 Wirtschaftsministerium Baden-Württemberg;2025-04-23;2026-07-09T19:08:48.650Z;
081110000000;Stuttgart;Baden-Württemberg;reisepass;99085001012000;true;landesweit;Reisepass - erstmalig oder nach Ablauf beantragen;false;70 / 37.5 / 22 / 92 / 59.5 / 32 / 102 / 124 / 69.5 / 91.5 / 140 / 75 / 6 / 15 / 31;false;;https://www.service-bw.de/leistung/-/sbw/id-147-leistung-0;false;05.03.2026 Innenministerium Baden-Württemberg;2026-03-05;2026-10-01T19:16:14.771Z;
081110000000;Stuttgart;Baden-Württemberg;rente-altersrente;99114045017001;true;landesweit;Regelaltersrente beantragen;false;;false;https://www.deutsche-rentenversicherung.de/DRV/DE/Online-Services/Online-Rechner/RentenbeginnUndHoehenRechner/rentenbeginnrechner_node.html;https://www.service-bw.de/leistung/-/sbw/id-1519-leistung-0;false;27.11.2025 Sozialministerium Baden-Württemberg;2025-11-27;2026-07-09T19:20:28.989Z;
081110000000;Stuttgart;Baden-Württemberg;schuelerbefoerderung;99088011039000;false;;;false;;true;;;true;;;;
081110000000;Stuttgart;Baden-Württemberg;schwerbehindertenausweis;99015007012000;false;;;false;;true;;;true;;;;
081110000000;Stuttgart;Baden-Württemberg;schwerbehindertenparkausweis;99108009012000;true;landesweit;"Parkerleichterungen für Menschen mit schweren Behinderungen beantragen (""blauer Parkausweis"")";false;;false;https://service.stuttgart.de/lhs-services/parkraummanagement/;https://www.service-bw.de/leistung/-/sbw/id-719-leistung-0;false;14.08.2026 Verkehrsministerium Baden-Württemberg;2026-08-14;2026-10-01T19:27:36.936Z;
081110000000;Stuttgart;Baden-Württemberg;sondernutzungserlaubnis;99053004006000;false;;;false;;true;;;true;;;;
081110000000;Stuttgart;Baden-Württemberg;sozialhilfe;99107009017000;true;landesweit;Grundsicherung im Alter und bei Erwerbsminderung beantragen;false;;false;https://www.service-bw.de/onlineantraege/onlineantrag?prozessKey=m40169.grundsicherung_hlu&leistungId=677&ars=081110000000;https://www.service-bw.de/leistung/-/sbw/id-677-leistung-0;false;24.11.2025 Sozialministerium Baden-Württemberg;2025-11-24;2026-10-02T19:32:54.590Z;
081110000000;Stuttgart;Baden-Württemberg;sterbefall;99101004012000;true;landesweit;Sterbeurkunde beantragen;false;;false;https://service.stuttgart.de/lhs-services/psu/index.php?uid=1001&opener=sde;https://www.service-bw.de/leistung/-/sbw/id-888-leistung-0;false;08.05.2025 Innenministerium Baden-Württemberg;2025-05-08;2026-06-18T19:23:17.992Z;
081110000000;Stuttgart;Baden-Württemberg;steuer-identifikationsnummer;99102064058000;true;bundesweit;Steuerliche Identifikationsnummer (IdNr) oder Kirchensteuerabzugsmerkmal (KiStAM) anfragen;false;;false;https://www.elster.de/bportal/start;https://fimportal.de/detail/L/99102064058000;false;Bundesministerium der Finanzen (BMF) im Auftrag des Einheitlichen Ansprechpartners der Länder (EAP);2022-03-03;2025-09-09T09:53:31.045Z;
081110000000;Stuttgart;Baden-Württemberg;steuerliche-erfassung;99102019120000;true;landesweit;Unternehmen oder selbstständige Tätigkeit zur Steuer anmelden;false;;false;https://www.elster.de/eportal/formulare-leistungen/alleformulare/fseeun;https://www.service-bw.de/leistung/-/sbw/id-6002547-leistung-0;false;Dieser Text entstand in enger Zusammenarbeit mit den fachlich zuständigen Stellen. Das Bundesfinanzministerium hat dessen ausführliche Fassung am 01.01.2020 freigegeben.;2020-01-01;2026-06-18T19:01:26.003Z;
081110000000;Stuttgart;Baden-Württemberg;unterhaltsvorschuss;99107021017000;true;landesweit;Unterhaltsvorschuss beantragen;false;;false;https://www.service-bw.de/onlineantraege/onlineantrag?prozessKey=m6000831.uvo&leistungId=170&ars=081110000000;https://www.service-bw.de/leistung/-/sbw/id-170-leistung-0;false;15.01.2026 Sozialministerium Baden-Württemberg;2026-01-15;2026-10-02T19:01:18.735Z;
081110000000;Stuttgart;Baden-Württemberg;vaterschaftsanerkennung;99133001026000;true;landesweit;Vaterschaftsanerkennung erklären und beurkunden lassen;false;;false;;https://www.service-bw.de/leistung/-/sbw/id-1439-leistung-0;false;17.03.2026 Justizministerium und Sozialministerium Baden-Württemberg;2026-03-17;2026-10-01T19:25:03.060Z;
081110000000;Stuttgart;Baden-Württemberg;veranstaltung-anmelden;99089016008000;true;landesweit;Versammlung anmelden;false;;false;https://www.service-bw.de/onlineantraege/onlineantrag?prozessKey=m40169.versammlung_unter_freiem_himmel_freiburg&leistungId=6008849&ars=081110000000;https://www.service-bw.de/leistung/-/sbw/id-1096-leistung-0;false;07.01.2026 Innenministerium Baden-Württemberg;2026-01-07;2026-06-18T19:47:08.159Z;
081110000000;Stuttgart;Baden-Württemberg;verpflichtungserklaerung;99010005261000;true;landesweit;Verpflichtungserklärung abgeben;false;;false;;https://www.service-bw.de/leistung/-/sbw/id-1761-leistung-0;false;20.02.2023 Justizministerium Baden-Württemberg;2023-02-20;2026-10-02T19:34:10.803Z;
081110000000;Stuttgart;Baden-Württemberg;wohnberechtigungsschein;99107022012000;false;;;false;;true;;;true;;;;
081110000000;Stuttgart;Baden-Württemberg;wohngeld;99107023037000;true;landesweit;Wohngeld beantragen;false;;false;https://www.service-bw.de/onlineantraege/onlineantrag?prozessKey=m40191.wgeld&leistungId=96&ars=081110000000;https://www.service-bw.de/leistung/-/sbw/id-96-leistung-0;false;30.06.2026 Ministerium für Landesentwicklung und Wohnen Baden-Württemberg;2026-06-30;2026-10-01T19:51:58.271Z;
081110000000;Stuttgart;Baden-Württemberg;wohnsitz-abmeldung;99115005070000;false;;;false;;true;;;true;;;;
081110000000;Stuttgart;Baden-Württemberg;wohnsitz-anmeldung;99115005104001;true;landesweit;Wohnsitz als Hauptwohnsitz anmelden;false;;false;https://www.wohnsitzanmeldung.de/;https://www.service-bw.de/leistung/-/sbw/id-112-leistung-0;false;19.05.2026 Innenministerium Baden-Württemberg;2026-05-19;2026-06-18T19:24:25.240Z;
081110000000;Stuttgart;Baden-Württemberg;wohnungsgeberbestaetigung;99115005104000;true;landesweit;Wohnsitz anmelden;false;;false;https://www.wohnsitzanmeldung.de/;https://www.service-bw.de/leistung/-/sbw/id-6020109-leistung-0;false;19.05.2026 Innenministerium Baden-Württemberg;2026-05-19;2026-07-09T19:24:27.418Z;
081110000000;Stuttgart;Baden-Württemberg;wunschkennzeichen;99036049069000;false;;;false;;true;;;true;;;;
081110000000;Stuttgart;Baden-Württemberg;zweitwohnungsteuer;99102017002000;false;;;false;;true;;;true;;;;
091620000000;München;Bayern;abgeschlossenheitsbescheinigung;99012002012000;true;landesweit;"Abgeschlossenheitsbescheinigung mit Aufteilungsplan; Beantragung";false;150;false;;https://www.bayernportal.de/dokumente/leistung/944536227416;false;Bayerisches Staatsministerium für Wohnen, Bau und Verkehr;2026-05-18;2026-10-03T23:48:12.738122966Z;
091620000000;München;Bayern;anerkennung-berufsabschluss;99019003016000;false;;;false;;true;;;true;;;;
091620000000;München;Bayern;arbeitslosengeld;99038001017000;true;bundesweit;Arbeitslosengeld beantragen;true;;false;https://www.arbeitsagentur.de/link/ozg3-078;https://fimportal.de/detail/L/99038001017000;false;Bundesministerium für Arbeit und Soziales (BMAS);2022-06-10;2025-09-09T09:33:51.786Z;
091620000000;München;Bayern;auslaender-aufenthaltserlaubnis;99010019020001;true;landesweit;"Aufenthaltserlaubnis; Beantragung für betriebliche Aus- und Fortbildung und schulische Berufsausbildung";false;100;false;https://service.muenchen.de/intelliform/forms/01/02/02/aufenthalt_ausbildung/index;https://www.bayernportal.de/dokumente/leistung/0794199323289?plz=80331&behoerde=88887100385&gemeinde=666856454699;false;Bayerisches Staatsministerium des Innern, für Sport und Integration;2026-07-14;2026-10-03T23:45:48.754836774Z;
091620000000;München;Bayern;ausweis-verlust;99008001014002;true;landesweit;"Personalausweis; Anzeige des Verlustes und des Wiederauffindens";false;;true;https://stadt.muenchen.de/service/info/verlust-oder-diebstahl-personalausweis/1076889/n0/;https://www.bayernportal.de/dokumente/leistung/775639187592?plz=80331&behoerde=88887100385&gemeinde=666856454699;false;Bayerisches Staatsministerium des Innern, für Sport und Integration;2026-09-24;2026-10-03T23:54:19.540860635Z;
091620000000;München;Bayern;bafoeg;99022001017003;true;landesweit;"BAföG; Beantragung einer Ausbildungsförderung für Studierende";false;;false;https://bafoeg-digital.de;https://www.bayernportal.de/dokumente/leistung/94777231117;false;Bayerisches Staatsministerium für Wissenschaft und Kunst;2026-04-09;2026-10-03T23:57:59.535535083Z;
091620000000;München;Bayern;bauantrag;99012070006001;true;landesweit;"Bauvorhaben; Beantragung einer Baugenehmigung";false;5000;false;https://formularserver-bp.bayern.de/intelliform/forms/bayernportal/bayernportal/Ministerien/stmb/bauantrag_hauptassistent/index?caller=bpg5rdsyrygnstamrsgi2wendegp63zj7nuiuuhdfljwyg5bid5bp5nqihinim3mmoev6vhfz7hawhivxopxu5cjfm4mnpnfijd5ajpif7vptkauvnpnnktzsft3mjxfluk3a4qkyn6out3daocu4ckc5vvu4pev6qjd52mggwj3agkojumj2snz2pikmsvsxyxl6bw3pv7vvbexlack4ht2onm7spexaxpgtq56q8;https://www.bayernportal.de/dokumente/leistung/48887380325?plz=80331&behoerde=88887100385&gemeinde=666856454699;false;Bayerisches Staatsministerium für Wohnen, Bau und Verkehr;2026-10-02;2026-10-03T23:46:50.651814341Z;
091620000000;München;Bayern;baumfaellgenehmigung;99090023276000;true;landesweit;"Natur und Landschaft; Beantragung eines Eingriffs";false;;true;;https://www.bayernportal.de/dokumente/leistung/9222041390;false;Bayerisches Staatsministerium für Umwelt und Verbraucherschutz;2026-04-08;2026-10-03T23:44:01.990775434Z;
091620000000;München;Bayern;bauvoranfrage;99012068006000;true;landesweit;"Bauvorhaben; Beantragung eines Vorbescheids";false;2500;false;https://formularserver-bp.bayern.de/intelliform/forms/bayernportal/bayernportal/Ministerien/stmb/bauantrag_vorbescheidsantrag/index?caller=bpmzrwcyztgbtdkmtegi2dmyrvmvkozjctyivd6vkxfekqsfuwc5vefwdornmrmkjhor7fxcrn2nmyp7styn27zahryk6tx5hb2sw6ncyh26a7zl5jtwgg6icb5v7yxzos4hitlgcn7vakmflkgddnga6tgvoz5r2mg4qzldvfwrdsofh245miqntmkmqyskyfu74zhnzposfwli5geobnzaeapl357rmq5kjkeaa8;https://www.bayernportal.de/dokumente/leistung/41441471641?plz=80331&behoerde=88887100385&gemeinde=666856454699;false;Bayerisches Staatsministerium für Wohnen, Bau und Verkehr;2026-10-02;2026-10-03T23:55:34.186245783Z;
091620000000;München;Bayern;bewohnerparkausweis;99108001001000;true;landesweit;"Bewohnerparkausweis; Beantragung";false;30.7;false;https://stadt.muenchen.de/service/info/hauptabteilung-i-sicherheit-und-ordnung-praevention/1072045/;https://www.bayernportal.de/dokumente/leistung/61665185319?plz=80331&behoerde=88887100385&gemeinde=666856454699;false;Bayerisches Staatsministerium des Innern, für Sport und Integration;2026-09-24;2026-10-03T23:46:20.853928708Z;
091620000000;München;Bayern;buergergeld;99107108017000;true;landesweit;"Bürgergeld / Grundsicherungsgeld; Beantragung";false;;false;https://www.arbeitsagentur.de/link/ozg2-094;https://www.bayernportal.de/dokumente/leistung/7762701855163?plz=99999&behoerde=2701725732112&gemeinde=0056105862251;false;Bundesministerium für Arbeit und Soziales;2026-07-31;2026-10-03T23:59:20.780994229Z;
091620000000;München;Bayern;ehefaehigkeitszeugnis;99059002012000;true;landesweit;"Eheschließung im Ausland; Beantragung eines Ehefähigkeitszeugnisses";false;55;false;;https://www.bayernportal.de/dokumente/leistung/8684016139204;false;Bayerisches Staatsministerium des Innern, für Sport und Integration;2026-03-27;2026-10-03T23:43:28.307012196Z;
091620000000;München;Bayern;eheschliessung;99059001104000;true;landesweit;"Eheschließung; Anmeldung";false;55 / 30;false;https://service.muenchen.de/intelliform/forms/01/02/02/kontaktformular_fuer_auswaertige_verlobte/index;https://www.bayernportal.de/dokumente/leistung/23666151111?plz=80331&behoerde=88887100385&gemeinde=666856454699;false;Bayerisches Staatsministerium des Innern, für Sport und Integration;2026-06-30;2026-10-03T23:57:43.201969307Z;
091620000000;München;Bayern;eid-online-ausweisfunktion;99008004180000;true;landesweit;"Personalausweis- oder eID-Karte; Zurücksetzung der PIN und Aktivierung der Online-Ausweisfunktion";false;;false;;https://www.bayernportal.de/dokumente/leistung/2460479415164;false;Bayerisches Staatsministerium des Innern, für Sport und Integration;2026-09-24;2026-10-03T23:59:23.022436081Z;
091620000000;München;Bayern;einbuergerung;99099002067000;true;landesweit;"Einbürgerung; Beantragung der Verleihung der deutschen Staatsangehörigkeit an Ausländer ohne Einbürgerungsanspruch (Ermessenseinbürgerung)";false;255 / 51;false;https://formularserver.bayern.de/intelliform/forms/bayernportal/bayernportal/Ministerien/stmi/einbuergerung_quick_check/index;https://www.bayernportal.de/dokumente/leistung/165323776206?plz=80331&behoerde=88887100385&gemeinde=666856454699;false;Bayerisches Staatsministerium des Innern, für Sport und Integration;2026-01-30;2026-10-03T23:43:25.211395644Z;
091620000000;München;Bayern;einkommensteuererklaerung;99102008002000;true;landesweit;"Steuerbescheid; Einlegung eines Einspruchs";false;;false;https://www.elster.de;https://www.bayernportal.de/dokumente/leistung/925756364461;false;Bayerisches Staatsministerium der Finanzen und für Heimat;2026-06-25;2026-10-03T23:50:57.547804369Z;
091620000000;München;Bayern;elterngeld;99041006017000;true;landesweit;"Elterngeld; Beantragung";false;;true;https://www.elterngeld.bayern.de/onlineantrag/default.aspx;https://www.bayernportal.de/dokumente/leistung/617534666450;false;Bayerisches Staatsministerium für Familie, Arbeit und Soziales;2026-09-07;2026-10-03T23:49:55.966402869Z;
091620000000;München;Bayern;fischereischein;99042001012000;true;landesweit;"Fischereischein; Beantragung";false;35 / 7.5;false;;https://www.bayernportal.de/dokumente/leistung/658545929207;false;Bayerisches Staatsministerium für Ernährung, Landwirtschaft, Forsten und Tourismus;2026-05-18;2026-10-03T23:43:38.779055776Z;
091620000000;München;Bayern;fuehrerschein-ersterteilung;99108047001001;true;landesweit;"Führerschein; Beantragung der Fahrerlaubnis und der Erweiterung einer bestehenden Fahrerlaubnis";false;45;false;https://service.muenchen.de/intelliform/forms/01/02/02/ruecktausch_fahrerlaubnis/index;https://www.bayernportal.de/dokumente/leistung/9999720603?plz=80331&behoerde=88887100385&gemeinde=666856454699;false;Bayerisches Staatsministerium des Innern, für Sport und Integration;2026-08-10;2026-10-03T23:49:15.697432481Z;
091620000000;München;Bayern;fuehrerschein-umtausch;99108049012001;true;landesweit;"Führerschein; Beantragung des Umtausches";false;25;false;https://service.muenchen.de/intelliform/forms/01/02/02/ersatzfuehrerschein/index;https://www.bayernportal.de/dokumente/leistung/4777651273?plz=80331&behoerde=88887100385&gemeinde=666856454699;false;Bayerisches Staatsministerium des Innern, für Sport und Integration;2026-04-08;2026-10-03T23:58:09.199704830Z;
091620000000;München;Bayern;fuehrerschein-verlust;99108049012005;true;landesweit;"Führerschein; Beantragung eines Ersatzes nach Verlust, bei Unbrauchbarkeit oder Diebstahl";false;45 / 30.7 / 6;false;https://service.muenchen.de/intelliform/forms/01/02/02/ersatzfuehrerschein/index;https://www.bayernportal.de/dokumente/leistung/0666382614?plz=80331&behoerde=88887100385&gemeinde=666856454699;false;Bayerisches Staatsministerium des Innern, für Sport und Integration;2026-07-09;2026-10-03T23:49:37.711393908Z;
091620000000;München;Bayern;fuehrungszeugnis;99049001001000;true;bundesweit;Führungszeugnis beantragen;true;13;false;https://www.fuehrungszeugnis.bund.de/;https://fimportal.de/detail/L/99049001001000;false;Bundesministerium der Justiz (BMJ);2024-06-10;2026-07-16T10:01:00.430Z;
091620000000;München;Bayern;gaststaettenerlaubnis;99025002005000;true;landesweit;"Gaststättenerlaubnis; Beantragung";false;6000 / 600 / 300 / 13;false;;https://www.bayernportal.de/dokumente/leistung/9333128442;false;Bayerisches Staatsministerium für Ernährung, Landwirtschaft, Forsten und Tourismus;2026-02-09;2026-10-03T23:45:14.969175708Z;
091620000000;München;Bayern;geburtsurkunde;99027002012000;true;landesweit;"Geburtsurkunde; Beantragung";false;12;false;https://stadt.muenchen.de/service/info/geburtsurkunde-neugeborene/1063604/n0/;https://www.bayernportal.de/dokumente/leistung/0624583194180?plz=80331&behoerde=88887100385&gemeinde=666856454699;false;Bayerisches Staatsministerium des Innern, für Sport und Integration;2026-08-05;2026-10-03T23:42:48.044845891Z;
091620000000;München;Bayern;gewerbeabmeldung;99050012070000;true;landesweit;"Gewerbeanzeige; Gewerbeabmeldung";false;100;false;https://stadt.muenchen.de/service/info/hauptabteilung-iii/10279729/;https://www.bayernportal.de/dokumente/leistung/762865582502?plz=80331&behoerde=88887100385&gemeinde=666856454699;false;Bayerisches Staatsministerium für Wirtschaft, Landesentwicklung und Energie;2026-09-21;2026-10-03T23:53:01.098783899Z;
091620000000;München;Bayern;gewerbeanmeldung;99050012104000;true;landesweit;"Gewerbeanzeige; Gewerbeanmeldung";false;100 / 50 / 40 / 35;false;https://stadt.muenchen.de/service/info/gewerbeamt/10374643/;https://www.bayernportal.de/dokumente/leistung/5777574439?plz=80331&behoerde=88887100385&gemeinde=666856454699;false;Bayerisches Staatsministerium für Wirtschaft, Landesentwicklung und Energie;2026-09-21;2026-10-03T23:45:09.088785752Z;
091620000000;München;Bayern;gewerbesteuer;99102010002000;true;landesweit;"Gewerbesteuer; Abgabe der Erklärung";false;;false;https://www.elster.de;https://www.bayernportal.de/dokumente/leistung/4787122795214;false;Bundesministerium der Finanzen;2025-11-27;2026-10-03T23:43:51.882890113Z;
091620000000;München;Bayern;gewerbeummeldung;99050012071000;true;landesweit;"Gewerbeanzeige; Gewerbeummeldung";false;100;false;https://stadt.muenchen.de/service/info/hauptabteilung-iii/10279730/;https://www.bayernportal.de/dokumente/leistung/779643359502?plz=80331&behoerde=88887100385&gemeinde=666856454699;false;Bayerisches Staatsministerium für Wirtschaft, Landesentwicklung und Energie;2026-09-21;2026-10-03T23:53:03.423032602Z;
091620000000;München;Bayern;gewerbezentralregister;99052002109000;true;landesweit;"Gewerbezentralregisterauszug; Beantragung";false;13;false;https://www.bundesjustizamt.de/DE/Themen/ZentraleRegister/Gewerbezentralregister/Gewerbezentralregister_node.html;https://www.bayernportal.de/dokumente/leistung/27441569620;false;Bundesministerium der Justiz und für Verbraucherschutz;2026-06-27;2026-10-03T23:55:03.284076227Z;
091620000000;München;Bayern;grundsteuer;99102012002000;true;landesweit;"Grundsteuer; Erhalt des Grundsteuerbescheids und Zahlung an die Gemeinde";false;;true;https://service.muenchen.de/intelliform/forms/01/10/10/kontaktformular_grundsteuer/index;https://www.bayernportal.de/dokumente/leistung/09219941492?plz=80331&behoerde=88887100385&gemeinde=666856454699;false;Bayerisches Staatsministerium der Finanzen und für Heimat;2026-01-09;2026-10-03T23:51:29.426555517Z;
091620000000;München;Bayern;halteverbotszone;99108011153000;true;landesweit;"Straßenverkehr; Beantragung einer Ausnahmegenehmigung";false;767;false;https://service.muenchen.de/intelliform/forms/01/11/11/haltverbot/index;https://www.bayernportal.de/dokumente/leistung/21219157661?plz=80331&behoerde=88887100385&gemeinde=666856454699;false;Bayerisches Staatsministerium des Innern, für Sport und Integration;2026-03-31;2026-10-03T23:56:03.867221934Z;
091620000000;München;Bayern;hundesteuer;99102013104000;true;landesweit;"Hundesteuer; An- und Abmeldung eines Hundes";false;;true;https://service.muenchen.de/intelliform/forms/01/10/10/hundesteuer/index;https://www.bayernportal.de/dokumente/leistung/92442164491?plz=80331&behoerde=88887100385&gemeinde=666856454699;false;Bayerisches Staatsministerium des Innern, für Sport und Integration;2025-12-16;2026-10-03T23:51:27.942426018Z;
091620000000;München;Bayern;internationaler-fuehrerschein;99108062012000;true;landesweit;"Führerschein; Beantragung eines Internationalen Führerscheins";false;15;false;https://stadt.muenchen.de/service/info/hauptabteilung-ii-fahrzeugzulassungs-und-fahrerlaubnisbehoerde/1071856/;https://www.bayernportal.de/dokumente/leistung/5888591642?plz=80331&behoerde=88887100385&gemeinde=666856454699;false;Bayerisches Staatsministerium des Innern, für Sport und Integration;2026-07-09;2026-10-03T23:51:17.585271311Z;
091620000000;München;Bayern;jagdschein;99067004001000;true;landesweit;"Jagdschein und Falknerjagdschein; Beantragung der Erteilung und Verlängerung";false;150 / 60 / 15 / 37.5 / 40 / 7.5;false;;https://www.bayernportal.de/dokumente/leistung/53553314483;false;Bayerisches Staatsministerium für Wirtschaft, Landesentwicklung und Energie;2026-03-23;2026-10-03T23:51:13.989120241Z;
091620000000;München;Bayern;kfz-abmeldung;99036026017000;true;landesweit;"Kraftfahrzeug; Beantragung der Außerbetriebsetzung";false;15.9 / 2.1 / 1.2 / 0.3 / 2.6;false;https://www.buergerservice-portal.de/bayern/muenchen/bsp_ikfz_antragstellung/;https://www.bayernportal.de/dokumente/leistung/0888766265?plz=80331&behoerde=88887100385&gemeinde=666856454699;false;Bayerisches Staatsministerium für Wohnen, Bau und Verkehr;2026-07-06;2026-10-03T23:57:45.424753638Z;
091620000000;München;Bayern;kfz-zulassung;99036020001000;true;landesweit;"Kraftfahrzeug; Beantragung der Neuzulassung";false;30 / 15.3 / 10.2 / 13.1 / 4.4 / 0.3 / 2.6;false;https://www.buergerservice-portal.de/bayern/muenchen/bsp_ikfz_antragstellung/;https://www.bayernportal.de/dokumente/leistung/3888675461?plz=80331&behoerde=88887100385&gemeinde=666856454699;false;Bayerisches Staatsministerium für Wohnen, Bau und Verkehr;2026-09-14;2026-10-03T23:45:52.611099868Z;
091620000000;München;Bayern;kindergeld;99041008017000;true;bundesweit;Kindergeld beantragen;false;;false;https://www.arbeitsagentur.de/familie-und-kinder/infos-rund-um-kindergeld/kindergeld-anspruch-hoehe-dauer/kindergeld-antrag-starten;https://fimportal.de/detail/L/99041008017000;false;Bundesministerium der Finanzen (BMF);2026-03-31;2026-04-02T08:52:52.904Z;
091620000000;München;Bayern;meldebescheinigung;99115003012000;true;landesweit;"Wohnsitz; Anmeldung";false;;false;https://wohnsitzanmeldung.gov.de/?b=1620000;https://www.bayernportal.de/dokumente/leistung/8444082781?plz=80331&behoerde=88887100385&gemeinde=666856454699;false;Bayerisches Staatsministerium des Innern, für Sport und Integration;2026-09-18;2026-10-03T23:55:20.339805937Z;
091620000000;München;Bayern;mutterschutz;99107018017001;true;bundesweit;Mutterschaftsgeld als gesetzlich Krankenversicherte beantragen;false;;false;https://bundesportal.gkv-spitzenverband.de/?ID=21;https://fimportal.de/detail/L/99107018017001;false;Bundesministerium für Gesundheit (BMG);2025-08-13;2025-12-01T13:47:52.297Z;
091620000000;München;Bayern;niederlassungserlaubnis;99010003001013;true;landesweit;"Niederlassungserlaubnis; Beantragung";false;147 / 124 / 113;false;https://www.muenchen.de/dienstleistungsfinder/muenchen/1064101/;https://www.bayernportal.de/dokumente/leistung/769754656498?plz=80331&behoerde=88887100385&gemeinde=666856454699;false;Bayerisches Staatsministerium des Innern, für Sport und Integration;2026-07-01;2026-10-03T23:52:50.985756245Z;
091620000000;München;Bayern;personalausweis;99008001012000;true;landesweit;"Personalausweis; Beantragung";false;46 / 27.6 / 10 / 15 / 6 / 13 / 30;false;https://stadt.muenchen.de/infos/status-personalausweis-reisepass.html;https://www.bayernportal.de/dokumente/leistung/8110751776?plz=80331&behoerde=88887100385&gemeinde=666856454699;false;Bayerisches Staatsministerium des Innern, für Sport und Integration;2026-09-24;2026-10-03T23:55:11.300889542Z;
091620000000;München;Bayern;personenstandsurkunde;99059004012000;true;landesweit;"Eheurkunde; Beantragung";false;12;false;https://stadt.muenchen.de/service/info/urkundenbestellung/1063699/;https://www.bayernportal.de/dokumente/leistung/0591027640180?plz=80331&behoerde=88887100385&gemeinde=666856454699;false;Bayerisches Staatsministerium des Innern, für Sport und Integration;2026-08-05;2026-10-03T23:42:45.014900158Z;
091620000000;München;Bayern;reisegewerbekarte;99050023005000;true;landesweit;"Reisegewerbe; Beantragung einer Erlaubnis";false;500 / 13;false;;https://www.bayernportal.de/dokumente/leistung/2888682446;false;Bayerisches Staatsministerium für Wirtschaft, Landesentwicklung und Energie;2026-09-21;2026-10-03T23:45:15.628145549Z;
091620000000;München;Bayern;reisepass;99085001012000;true;landesweit;"Reisepass; Beantragung";false;37.5 / 70 / 26 / 6 / 32 / 22 / 15;false;https://stadt.muenchen.de/infos/status-personalausweis-reisepass.html;https://www.bayernportal.de/dokumente/leistung/0999643770?plz=80331&behoerde=88887100385&gemeinde=666856454699;false;Bayerisches Staatsministerium des Innern, für Sport und Integration;2026-09-24;2026-10-03T23:54:54.165136336Z;
091620000000;München;Bayern;rente-altersrente;99114045017001;true;bundesweit;Regelaltersrente beantragen;false;;false;https://www.deutsche-rentenversicherung.de/DRV/DE/Online-Services/online-services_node.html;https://fimportal.de/detail/L/99114045017001;false;Bundesministerium für Arbeit und Soziales (BMAS);2022-07-13;2025-09-09T10:01:02.709Z;
091620000000;München;Bayern;schuelerbefoerderung;99088011039000;true;landesweit;"Schülerbeförderung; Beantragung der Erstattung von Schulwegkosten";false;;true;https://www.muenchen.de/dienstleistungsfinder/muenchen/1078362/;https://www.bayernportal.de/dokumente/leistung/70441618609?plz=80331&behoerde=88887100385&gemeinde=666856454699;false;Bayerisches Staatsministerium für Unterricht und Kultus;2026-06-09;2026-10-03T23:54:32.202431074Z;
091620000000;München;Bayern;schwerbehindertenausweis;99015007012000;true;landesweit;"Schwerbehindertenausweis; Beantragung";false;;true;https://formularserver-bp.bayern.de/intelliform/forms/rzsued/zbfs/zbfs/kontaktformular_zbfs/index?param=sgbix;https://www.bayernportal.de/dokumente/leistung/480542275286;false;Bayerisches Staatsministerium für Familie, Arbeit und Soziales;2026-09-07;2026-10-03T23:45:33.410334844Z;
091620000000;München;Bayern;schwerbehindertenparkausweis;99108009012000;true;landesweit;"Parkausweis für schwerbehinderte Menschen; Beantragung";false;;true;https://www.muenchen.de/dienstleistungsfinder/muenchen/1072011/;https://www.bayernportal.de/dokumente/leistung/1555288577?plz=80331&behoerde=88887100385&gemeinde=666856454699;false;Bayerisches Staatsministerium des Innern, für Sport und Integration;2026-04-14;2026-10-03T23:47:57.609555817Z;
091620000000;München;Bayern;sondernutzungserlaubnis;99053004006000;false;;;false;;true;;;true;;;;
091620000000;München;Bayern;sozialhilfe;99107009017000;true;landesweit;"Sozialhilfe; Beantragung von Grundsicherung im Alter und bei Erwerbsminderung";false;;false;;https://www.bayernportal.de/dokumente/leistung/295757274442;false;Bayerisches Staatsministerium für Familie, Arbeit und Soziales;2025-12-11;2026-10-03T23:49:25.251671116Z;
091620000000;München;Bayern;sterbefall;99101004012000;true;landesweit;"Sterbeurkunde; Beantragung";false;12;false;https://stadt.muenchen.de/service/info/anderung-im-sterberegister/10313840/n0/;https://www.bayernportal.de/dokumente/leistung/0607805417180?plz=80331&behoerde=88887100385&gemeinde=666856454699;false;Bayerisches Staatsministerium des Innern, für Sport und Integration;2026-08-05;2026-10-03T23:42:46.514937100Z;
091620000000;München;Bayern;steuer-identifikationsnummer;99102064058000;true;bundesweit;Steuerliche Identifikationsnummer (IdNr) oder Kirchensteuerabzugsmerkmal (KiStAM) anfragen;false;;false;https://www.elster.de/bportal/start;https://fimportal.de/detail/L/99102064058000;false;Bundesministerium der Finanzen (BMF) im Auftrag des Einheitlichen Ansprechpartners der Länder (EAP);2022-03-03;2025-09-09T09:53:31.045Z;
091620000000;München;Bayern;steuerliche-erfassung;99102019120000;true;landesweit;"Unternehmen oder selbstständige Tätigkeit; Anmeldung zur Steuer";false;;false;https://www.elster.de;https://www.bayernportal.de/dokumente/leistung/147312002460;false;Bundesministerium der Finanzen und Bayerisches Staatsministerium der Finanzen und für Heimat;2026-05-22;2026-10-03T23:50:42.438486836Z;
091620000000;München;Bayern;unterhaltsvorschuss;99107021017000;true;landesweit;"Unterhaltsvorschuss; Beantragung";false;;true;https://stadt.muenchen.de/service/info/unterhaltsvorschuss-beantragen/1073950/;https://www.bayernportal.de/dokumente/leistung/389534862446?plz=80331&behoerde=88887100385&gemeinde=666856454699;false;Bayerisches Staatsministerium für Familie, Arbeit und Soziales;2026-01-19;2026-10-03T23:49:38.236522030Z;
091620000000;München;Bayern;vaterschaftsanerkennung;99133001026000;true;landesweit;"Vaterschaftsanerkennung; Beurkundung";false;;false;https://stadt.muenchen.de/service/info/sonderfunktionen-und-prozessfuehrung/10416634/;https://www.bayernportal.de/dokumente/leistung/3666431508?plz=80331&behoerde=88887100385&gemeinde=666856454699;false;Bayerisches Staatsministerium der Justiz;2026-09-23;2026-10-03T23:47:47.371092002Z;
091620000000;München;Bayern;veranstaltung-anmelden;99089016008000;true;landesweit;"Versammlung; Anzeige";false;200;false;;https://www.bayernportal.de/dokumente/leistung/83886785453;false;Bayerisches Staatsministerium des Innern, für Sport und Integration;2026-07-10;2026-10-03T23:49:21.771592679Z;
091620000000;München;Bayern;verpflichtungserklaerung;99010005261000;true;landesweit;"Verpflichtungserklärung; Abgabe";false;;true;;https://www.bayernportal.de/dokumente/leistung/558310175499;false;Bayerisches Staatsministerium des Innern, für Sport und Integration;2026-09-24;2026-10-03T23:52:55.757224301Z;
091620000000;München;Bayern;wohnberechtigungsschein;99107022012000;true;landesweit;"Wohnberechtigungsschein und Benennung für Wohnung; Beantragung";false;25 / 20 / 45;false;https://sowon.muenchen.de/SOWON/anmelden.jsf;https://www.bayernportal.de/dokumente/leistung/05887331336?plz=80331&behoerde=88887100385&gemeinde=666856454699;false;Bayerisches Staatsministerium für Wohnen, Bau und Verkehr;2026-09-18;2026-10-03T23:47:29.939028674Z;
091620000000;München;Bayern;wohngeld;99107023037000;true;landesweit;"Wohngeld; Beantragung eines Miet- oder Lastenzuschusses";false;;false;https://www.bmwsb.bund.de/Webs/BMWSB/DE/themen/stadt-wohnen/wohnraumfoerderung/wohngeld/wohngeldrechner-2025-artikel.html;https://www.bayernportal.de/dokumente/leistung/978091781416?plz=80331&behoerde=88887100385&gemeinde=666856454699;false;Bayerisches Staatsministerium für Wohnen, Bau und Verkehr;2026-10-02;2026-10-03T23:48:13.067807868Z;
091620000000;München;Bayern;wohnsitz-abmeldung;99115005070000;true;landesweit;"Wohnsitz; Abmeldung";false;;false;https://www.buergerservice-portal.de/bayern/muenchen/bsp_abmeldung_ausland/;https://www.bayernportal.de/dokumente/leistung/846323559210?plz=80331&behoerde=88887100385&gemeinde=666856454699;false;Bayerisches Staatsministerium des Innern, für Sport und Integration;2026-07-20;2026-10-03T23:43:47.534016876Z;
091620000000;München;Bayern;wohnsitz-anmeldung;99115005104001;true;landesweit;"Wohnsitz; Anmeldung";false;;false;https://wohnsitzanmeldung.gov.de/?b=1620000;https://www.bayernportal.de/dokumente/leistung/8444082781?plz=80331&behoerde=88887100385&gemeinde=666856454699;false;Bayerisches Staatsministerium des Innern, für Sport und Integration;2026-09-18;2026-10-03T23:55:20.339805937Z;
091620000000;München;Bayern;wohnungsgeberbestaetigung;99115005104000;true;landesweit;"Wohnsitz; Anmeldung";false;;false;https://wohnsitzanmeldung.gov.de/?b=1620000;https://www.bayernportal.de/dokumente/leistung/8444082781?plz=80331&behoerde=88887100385&gemeinde=666856454699;false;Bayerisches Staatsministerium des Innern, für Sport und Integration;2026-09-18;2026-10-03T23:55:20.339805937Z;
091620000000;München;Bayern;wunschkennzeichen;99036049069000;true;landesweit;"Kraftfahrzeugkennzeichen; Beantragung und Reservierung eines Wunschkennzeichens";false;10.2 / 2.6;false;https://www.buergerservice-portal.de/bayern/muenchen/bsp-ikfz-kennzeichenreservierung/;https://www.bayernportal.de/dokumente/leistung/088532419499?plz=80331&behoerde=88887100385&gemeinde=666856454699;false;Bayerisches Staatsministerium für Wohnen, Bau und Verkehr;2026-07-06;2026-10-03T23:52:52.666652761Z;
091620000000;München;Bayern;zweitwohnungsteuer;99102017002000;true;landesweit;"Zweitwohnungsteuer; Zahlung";false;;true;https://stadt.muenchen.de/service/info/zweitwohnungsteuer/1074722/;https://www.bayernportal.de/dokumente/leistung/259424545429?plz=80331&behoerde=88887100385&gemeinde=666856454699;false;Bayerisches Staatsministerium des Innern, für Sport und Integration;2025-12-16;2026-10-03T23:48:46.680907400Z;
110000000000;Berlin;Berlin;abgeschlossenheitsbescheinigung;99012002012000;false;;;false;;true;;;true;;;;
110000000000;Berlin;Berlin;anerkennung-berufsabschluss;99019003016000;false;;;false;;true;;;true;;;;
110000000000;Berlin;Berlin;arbeitslosengeld;99038001017000;true;bundesweit;Arbeitslosengeld beantragen;true;;false;https://www.arbeitsagentur.de/link/ozg3-078;https://fimportal.de/detail/L/99038001017000;false;Bundesministerium für Arbeit und Soziales (BMAS);2022-06-10;2025-09-09T09:33:51.786Z;
110000000000;Berlin;Berlin;auslaender-aufenthaltserlaubnis;99010019020001;false;;;false;;true;;;true;;;;
110000000000;Berlin;Berlin;ausweis-verlust;99008001014002;true;landesweit;Personalausweis - Verlust melden;false;;false;;https://service.berlin.de/dienstleistung/120726/;false;;;2026-10-04T00:08:42.941730542Z;
110000000000;Berlin;Berlin;bafoeg;99022001017003;false;;;false;;true;;;true;;;;
110000000000;Berlin;Berlin;bauantrag;99012070006001;true;landesweit;Baugenehmigung im vereinfachten Baugenehmigungsverfahren beantragen;false;;false;https://senstadtfms.stadt-berlin.de/intelliform/forms/eBG/Berlin/ebg63/index;https://service.berlin.de/dienstleistung/350893/;false;;;2026-10-04T00:10:56.807572229Z;
110000000000;Berlin;Berlin;baumfaellgenehmigung;99090023276000;false;;;false;;true;;;true;;;;
110000000000;Berlin;Berlin;bauvoranfrage;99012068006000;true;landesweit;Baugenehmigung - Erteilung eines Bauvorbescheids beantragen;false;;false;https://senstadtfms.stadt-berlin.de/intelliform/forms/eBG/Berlin/ebg75/index;https://service.berlin.de/dienstleistung/350914/;false;;;2026-10-04T00:10:57.418652350Z;
110000000000;Berlin;Berlin;bewohnerparkausweis;99108001001000;true;landesweit;Parkausweis für Bewohner beantragen;false;20.4;false;https://olmera.verwalt-berlin.de/ant/olav/parkausweisbeantragen?mbom=1;https://service.berlin.de/dienstleistung/121721/;false;;;2026-10-04T00:08:49.039162278Z;
110000000000;Berlin;Berlin;buergergeld;99107108017000;true;bundesweit;Grundsicherungsgeld beantragen;true;;false;https://www.arbeitsagentur.de/link/ozg2-094;https://fimportal.de/detail/L/99107108017000;false;Bundesministerium für Arbeit und Soziales (BMAS);2026-02-09;2026-09-21T14:30:08.090Z;
110000000000;Berlin;Berlin;ehefaehigkeitszeugnis;99059002012000;true;landesweit;Ehefähigkeitszeugnis beantragen;false;45;false;;https://service.berlin.de/dienstleistung/318994/;false;;;2026-10-04T00:09:01.583344205Z;
110000000000;Berlin;Berlin;eheschliessung;99059001104000;true;landesweit;Eheschließung anmelden - ohne Auslandsbeteiligung;false;45 / 40 / 80 / 150 / 12 / 6;false;;https://service.berlin.de/dienstleistung/318961/;false;;;2026-10-04T00:08:59.430849021Z;
110000000000;Berlin;Berlin;eid-online-ausweisfunktion;99008004180000;true;landesweit;Online-Ausweisfunktion (eID) nachträglich aktivieren;false;;false;;https://service.berlin.de/dienstleistung/329830/;false;;;2026-10-04T00:10:23.366962662Z;
110000000000;Berlin;Berlin;einbuergerung;99099002067000;true;landesweit;Einbürgerung - Verleihung der deutschen Staatsangehörigkeit beantragen;false;255 / 51;false;https://liste-antraege-bc01.bda.service.berlin.de/intelliform/forms/default/bda/LEA/EinbuergerungQuickCheck/index;https://service.berlin.de/dienstleistung/318998/;false;;;2026-10-04T00:09:01.933714390Z;
110000000000;Berlin;Berlin;einkommensteuererklaerung;99102008002000;true;landesweit;Einkommensteuer - Erklärung freiwillig abgeben (Antragsveranlagung);false;;false;https://www.elster.de/eportal/start;https://service.berlin.de/dienstleistung/325685/;false;;;2026-10-04T00:09:29.620078895Z;
110000000000;Berlin;Berlin;elterngeld;99041006017000;true;landesweit;Elterngeld beantragen;false;;false;https://www.elterngeld-digital.de/ams/Elterngeld;https://service.berlin.de/dienstleistung/326079/;false;;;2026-10-04T00:09:35.397603001Z;
110000000000;Berlin;Berlin;fischereischein;99042001012000;true;landesweit;Fischereischein beantragen oder verlängern;false;18 / 27 / 9 / 13.5 / 21 / 135 / 10 / 5 / 4;false;;https://service.berlin.de/dienstleistung/324355/;false;;;2026-10-04T00:09:09.174348222Z;
110000000000;Berlin;Berlin;fuehrerschein-ersterteilung;99108047001001;true;landesweit;Fahrerlaubnis - Ersterteilung beantragen;false;45.9 / 45.1 / 6.32 / 35;false;;https://service.berlin.de/dienstleistung/121627/;false;;;2026-10-04T00:08:47.988344837Z;
110000000000;Berlin;Berlin;fuehrerschein-umtausch;99108049012001;true;landesweit;Fahrerlaubnis - Umtausch eines alten Führerscheins in einen EU-Kartenführerschein beantragen;false;26.5 / 6.32 / 9.52;false;;https://service.berlin.de/dienstleistung/124556/;false;;;2026-10-04T00:08:52.890503574Z;
110000000000;Berlin;Berlin;fuehrerschein-verlust;99108049012005;true;landesweit;Fahrerlaubnis - Ersatzführerschein nach Verlust oder Diebstahl beantragen;false;42.5 / 10 / 13.3 / 6.32 / 9.52;false;;https://service.berlin.de/dienstleistung/121593/;false;;;2026-10-04T00:08:47.258950315Z;
110000000000;Berlin;Berlin;fuehrungszeugnis;99049001001000;true;landesweit;Führungszeugnis beantragen;false;13;false;https://www.fuehrungszeugnis.bund.de;https://service.berlin.de/dienstleistung/120926/;false;;;2026-10-04T00:08:44.519645982Z;
110000000000;Berlin;Berlin;gaststaettenerlaubnis;99025002005000;true;landesweit;Gaststättengewerbe - Erlaubnis beantragen;false;1500 / 500;false;https://www.ea.berlin.de/intelliform/forms/eu-dlr-ng/gewerbe/Gastst%C3%A4ttenerlaubnisse/index;https://service.berlin.de/dienstleistung/327483/;false;;;2026-10-04T00:10:00.278261150Z;
110000000000;Berlin;Berlin;geburtsurkunde;99027002012000;true;landesweit;Geburtsurkunde beantragen;false;12 / 6 / 80;false;https://liste-antraege.bda.service.berlin.de/intelliform/forms/default/bda/STB_Geburt/index;https://service.berlin.de/dienstleistung/318960/;false;;;2026-10-04T00:08:59.209163446Z;
110000000000;Berlin;Berlin;gewerbeabmeldung;99050012070000;true;landesweit;Gewerbe abmelden;false;;false;https://www.ea.berlin.de/intelliform/forms/eu-dlr-ng/gewerbe/Gewerbeabmeldung/index;https://service.berlin.de/dienstleistung/122107/;false;;;2026-10-04T00:08:51.911798938Z;
110000000000;Berlin;Berlin;gewerbeanmeldung;99050012104000;true;landesweit;Gewerbe anmelden;false;26 / 31 / 13 / 15;false;https://www.ea.berlin.de/intelliform/forms/eu-dlr-ng/gewerbe/Gewerbeanmeldung/index;https://service.berlin.de/dienstleistung/121921/;false;;;2026-10-04T00:08:51.159781283Z;
110000000000;Berlin;Berlin;gewerbesteuer;99102010002000;true;landesweit;Gewerbesteuer - Festsetzung;false;;false;https://www.elster.de/eportal/start;https://service.berlin.de/dienstleistung/325333/;false;;;2026-10-04T00:09:20.933774516Z;
110000000000;Berlin;Berlin;gewerbeummeldung;99050012071000;true;landesweit;Gewerbe ummelden;false;20 / 15;false;https://www.ea.berlin.de/intelliform/forms/eu-dlr-ng/gewerbe/Gewerbeummeldung/index;https://service.berlin.de/dienstleistung/122111/;false;;;2026-10-04T00:08:52.179312635Z;
110000000000;Berlin;Berlin;gewerbezentralregister;99052002109000;true;landesweit;Gewerbezentralregister - Auskunft beantragen;false;13;false;https://www.fuehrungszeugnis.bund.de/ffw/action/invoke.do?id=AntragGZR;https://service.berlin.de/dienstleistung/327835/;false;;;2026-10-04T00:10:03.489235557Z;
110000000000;Berlin;Berlin;grundsteuer;99102012002000;true;landesweit;Grundsteuer;false;;false;;https://service.berlin.de/dienstleistung/325407/;false;;;2026-10-04T00:09:21.998827352Z;
110000000000;Berlin;Berlin;halteverbotszone;99108011153000;true;landesweit;Haltverbot für Umzüge;false;21;false;;https://service.berlin.de/dienstleistung/325649/;false;;;2026-10-04T00:09:28.699547318Z;
110000000000;Berlin;Berlin;hundesteuer;99102013104000;true;landesweit;Hundehaltung - Hund steuerlich anmelden;false;;false;https://www.elster.de/eportal/formulare-leistungen/alleformulare/hustanmeldungbe;https://service.berlin.de/dienstleistung/121494/;false;;;2026-10-04T00:08:46.411481967Z;
110000000000;Berlin;Berlin;internationaler-fuehrerschein;99108062012000;true;landesweit;Fahrerlaubnis - Internationalen Führerschein beantragen;false;15;false;;https://service.berlin.de/dienstleistung/121591/;false;;;2026-10-04T00:08:47.102150099Z;
110000000000;Berlin;Berlin;jagdschein;99067004001000;true;landesweit;Jagdschein - Ausstellung/Verlängerung beantragen;false;50 / 90 / 125 / 15 / 25 / 35 / 25.5 / 51 / 76.5 / 17.5 / 52.5 / 5;false;https://liste-antraege.bda.service.berlin.de/intelliform/forms/default/bda/Jagdschein/index;https://service.berlin.de/dienstleistung/330484/;false;;;2026-10-04T00:10:30.089741637Z;
110000000000;Berlin;Berlin;kfz-abmeldung;99036026017000;true;landesweit;Kraftfahrzeug - Außerbetriebsetzung mit vollständigen Unterlagen;false;17.1 / 3.3 / 2.6;false;https://www.behoerden-serviceportal.de/onlineantraege/onlineantrag?prozessKey=m40191.ab&oeId=L100108.OE.L100108_121364&leistungId=99036026017000&p=110000;https://service.berlin.de/dienstleistung/120877/;false;;;2026-10-04T00:08:43.067576023Z;
110000000000;Berlin;Berlin;kfz-zulassung;99036020001000;true;landesweit;Kraftfahrzeug - Erstzulassung eines Fahrzeugs (Neuzulassung) beantragen;false;30.6 / 22.22;false;https://www.behoerden-serviceportal.de/onlineantraege/onlineantrag?prozessKey=m40191.zl&oeId=L100108.OE.L100108_121364&leistungId=99036020001000&p=110000;https://service.berlin.de/dienstleistung/120882/;false;;;2026-10-04T00:08:43.192165536Z;
110000000000;Berlin;Berlin;kindergeld;99041008017000;true;bundesweit;Kindergeld beantragen;false;;false;https://www.arbeitsagentur.de/familie-und-kinder/infos-rund-um-kindergeld/kindergeld-anspruch-hoehe-dauer/kindergeld-antrag-starten;https://fimportal.de/detail/L/99041008017000;false;Bundesministerium der Finanzen (BMF);2026-03-31;2026-04-02T08:52:52.904Z;
110000000000;Berlin;Berlin;meldebescheinigung;99115003012000;false;;;false;;true;;;true;;;;
110000000000;Berlin;Berlin;mutterschutz;99107018017001;true;bundesweit;Mutterschaftsgeld als gesetzlich Krankenversicherte beantragen;false;;false;https://bundesportal.gkv-spitzenverband.de/?ID=21;https://fimportal.de/detail/L/99107018017001;false;Bundesministerium für Gesundheit (BMG);2025-08-13;2025-12-01T13:47:52.297Z;
110000000000;Berlin;Berlin;niederlassungserlaubnis;99010003001013;true;landesweit;Niederlassungserlaubnis für Familienangehörige von Deutschen beantragen;false;56.5 / 13.8 / 23;false;https://liste-antraege-bc01.bda.service.berlin.de/intelliform/forms/default/bda/LEA/Niederlassungserlaubnis_fuer_Angehoerige_von_Deutschen_Quick-Check/index;https://service.berlin.de/dienstleistung/327012/;false;;;2026-10-04T00:09:54.087049260Z;
110000000000;Berlin;Berlin;personalausweis;99008001012000;true;landesweit;Personalausweis beantragen;false;27.6 / 46 / 13 / 6 / 15;false;;https://service.berlin.de/dienstleistung/120703/;false;;;2026-10-04T00:08:42.797673978Z;
110000000000;Berlin;Berlin;personenstandsurkunde;99059004012000;true;landesweit;Eheurkunde beantragen;false;12 / 6 / 80;false;https://liste-antraege.bda.service.berlin.de/intelliform/forms/default/bda/STB_Ehe/index;https://service.berlin.de/dienstleistung/318969/;false;;;2026-10-04T00:09:00.488661604Z;
110000000000;Berlin;Berlin;reisegewerbekarte;99050023005000;true;landesweit;Reisegewerbe - Reisegewerbekarte beantragen;false;40 / 500 / 8 / 20;false;https://www.ea.berlin.de/intelliform/forms/eu-dlr-ng/gewerbe/Reisegewerbekarte/index?AnliegenID=121916;https://service.berlin.de/dienstleistung/121916/;false;;;2026-10-04T00:08:51.048573108Z;
110000000000;Berlin;Berlin;reisepass;99085001012000;true;landesweit;Reisepass beantragen;false;37.5 / 70 / 32 / 22 / 6 / 15;false;;https://service.berlin.de/dienstleistung/121151/;false;;;2026-10-04T00:08:44.809148410Z;
110000000000;Berlin;Berlin;rente-altersrente;99114045017001;true;bundesweit;Regelaltersrente beantragen;false;;false;https://www.deutsche-rentenversicherung.de/DRV/DE/Online-Services/online-services_node.html;https://fimportal.de/detail/L/99114045017001;false;Bundesministerium für Arbeit und Soziales (BMAS);2022-07-13;2025-09-09T10:01:02.709Z;
110000000000;Berlin;Berlin;schuelerbefoerderung;99088011039000;false;;;false;;true;;;true;;;;
110000000000;Berlin;Berlin;schwerbehindertenausweis;99015007012000;true;landesweit;Schwerbehindertenausweis beantragen;false;;false;https://liste-antraege.bda.service.berlin.de/intelliform/forms/default/bda/LAGeSo/lichtbild/index;https://service.berlin.de/dienstleistung/121737/;false;;;2026-10-04T00:08:49.316745029Z;
110000000000;Berlin;Berlin;schwerbehindertenparkausweis;99108009012000;true;landesweit;Parkausweis für Schwerbehinderte Ausstellung;false;;false;;https://service.berlin.de/dienstleistung/326439/;false;;;2026-10-04T00:09:43.657977128Z;
110000000000;Berlin;Berlin;sondernutzungserlaubnis;99053004006000;false;;;false;;true;;;true;;;;
110000000000;Berlin;Berlin;sozialhilfe;99107009017000;true;landesweit;Grundsicherung im Alter und bei Erwerbsminderung (Sozialhilfe) beantragen;false;;false;;https://service.berlin.de/dienstleistung/324394/;false;;;2026-10-04T00:09:09.606406366Z;
110000000000;Berlin;Berlin;sterbefall;99101004012000;true;landesweit;Sterbeurkunde beantragen;false;12 / 6 / 80;false;https://liste-antraege.bda.service.berlin.de/intelliform/forms/default/bda/STB_Sterbefall/index;https://service.berlin.de/dienstleistung/318990/;false;;;2026-10-04T00:09:01.076888711Z;
110000000000;Berlin;Berlin;steuer-identifikationsnummer;99102064058000;true;bundesweit;Steuerliche Identifikationsnummer (IdNr) oder Kirchensteuerabzugsmerkmal (KiStAM) anfragen;false;;false;https://www.elster.de/bportal/start;https://fimportal.de/detail/L/99102064058000;false;Bundesministerium der Finanzen (BMF) im Auftrag des Einheitlichen Ansprechpartners der Länder (EAP);2022-03-03;2025-09-09T09:53:31.045Z;
110000000000;Berlin;Berlin;steuerliche-erfassung;99102019120000;true;landesweit;Gründungen - steuerliche Anmeldung von Unternehmen, Gesellschaften, Vereinen, Gewerben, Selbständigkeit oder land- und forstwirtschaftlicher Tätigkeit;false;;false;https://www.elster.de/eportal/start;https://service.berlin.de/dienstleistung/325409/;false;;;2026-10-04T00:09:22.109539372Z;
110000000000;Berlin;Berlin;unterhaltsvorschuss;99107021017000;true;landesweit;Unterhaltsvorschuss beantragen;false;;false;https://liste-antraege.bda.service.berlin.de/intelliform/forms/default/bda/SenBJF/Unterhaltsvorschuss/index;https://service.berlin.de/dienstleistung/326069/;false;;;2026-10-04T00:09:34.869715810Z;
110000000000;Berlin;Berlin;vaterschaftsanerkennung;99133001026000;true;landesweit;Vaterschaftsanerkennung erklären;false;40;false;;https://service.berlin.de/dienstleistung/318991/;false;;;2026-10-04T00:09:01.203282825Z;
110000000000;Berlin;Berlin;veranstaltung-anmelden;99089016008000;false;;;false;;true;;;true;;;;
110000000000;Berlin;Berlin;verpflichtungserklaerung;99010005261000;true;landesweit;Verpflichtungserklärung abgeben;false;29 / 14.5;false;https://liste-antraege-bc01.bda.service.berlin.de/intelliform/forms/default/bda/LEA/Verpflichtungserklaerung_Quick-Check/index;https://service.berlin.de/dienstleistung/326540/;false;;;2026-10-04T00:09:45.542722725Z;
110000000000;Berlin;Berlin;wohnberechtigungsschein;99107022012000;true;landesweit;Wohnberechtigungsschein (WBS) beantragen;false;;false;https://liste-antraege.bda.service.berlin.de/intelliform/forms/default/bda/SenSBW/wbs/index?vt=wbs;https://service.berlin.de/dienstleistung/120671/;false;;;2026-10-04T00:08:41.821637857Z;
110000000000;Berlin;Berlin;wohngeld;99107023037000;true;landesweit;Wohngeld - Mietzuschuss beantragen;false;;false;https://liste-antraege.bda.service.berlin.de/intelliform/forms/default/bda/mietzuschuss/index;https://service.berlin.de/dienstleistung/120656/;false;;;2026-10-04T00:08:40.917309755Z;
110000000000;Berlin;Berlin;wohnsitz-abmeldung;99115005070000;true;landesweit;Abmeldung einer Wohnung;false;;false;;https://service.berlin.de/dienstleistung/120335/;false;;;2026-10-04T00:08:40.727146978Z;
110000000000;Berlin;Berlin;wohnsitz-anmeldung;99115005104001;true;landesweit;Wohnsitz - Alleinige Wohnung oder Hauptwohnung anmelden;false;;false;https://serviceportal.gemeinsamonline.de/Onlinedienste/Service/Entry/EWA;https://service.berlin.de/dienstleistung/120686/;false;;;2026-10-04T00:08:42.414885605Z;
110000000000;Berlin;Berlin;wohnungsgeberbestaetigung;99115005104000;true;landesweit;Wohnsitz - Alleinige Wohnung oder Hauptwohnung anmelden;false;;false;https://serviceportal.gemeinsamonline.de/Onlinedienste/Service/Entry/EWA;https://service.berlin.de/dienstleistung/120686/;false;;;2026-10-04T00:08:42.414885605Z;
110000000000;Berlin;Berlin;wunschkennzeichen;99036049069000;true;landesweit;Kraftfahrzeugkennzeichen reservieren;false;2.6 / 10.2;false;https://www.berlin.de/labo/mobilitaet/kfz-zulassung/artikel.287672.php;https://service.berlin.de/dienstleistung/121484/;false;;;2026-10-04T00:08:45.985029048Z;
110000000000;Berlin;Berlin;zweitwohnungsteuer;99102017002000;true;landesweit;Zweitwohnungsteuer bezahlen;false;;false;;https://service.berlin.de/dienstleistung/121859/;false;;;2026-10-04T00:08:49.857098421Z;
147130000000;Leipzig;Sachsen;abgeschlossenheitsbescheinigung;99012002012000;true;landesweit;Abgeschlossenheitsbescheinigung beantragen;false;;false;https://sn.digitalebaugenehmigung.de/leipzig/de/abgeschlossenheitsbescheinigung.html;https://amt24.sachsen.de/leistung/-/sbw/id-6005957-leistung-0;false;Sächsisches Staatsministerium für Infrastruktur und Landesentwicklung. 10.03.2025;2025-03-10;2026-06-18T19:03:24.037Z;
147130000000;Leipzig;Sachsen;anerkennung-berufsabschluss;99019003016000;true;landesweit;Gesundheitsfachberuf mit ausländischem Berufsabschluss, Anerkennung beantragen;false;;false;;https://amt24.sachsen.de/leistung/-/sbw/id-6000955-leistung-0;false;Sächsisches Staatsministerium für Soziales und Gesellschaftlichen Zusammenhalt. 27.08.2024;2024-08-27;2026-08-12T19:01:53.204Z;
147130000000;Leipzig;Sachsen;arbeitslosengeld;99038001017000;true;landesweit;Arbeitslosengeld beantragen;false;;false;;https://amt24.sachsen.de/leistung/-/sbw/id-6000509-leistung-0;false;vorläufig freigegeben durch: Sächsische Staatskanzlei, Redaktion Amt24 (Quelle: Föderales Informationsmanagement – FIM). 15.08.2024;2024-08-15;2026-07-01T19:14:32.324Z;
147130000000;Leipzig;Sachsen;auslaender-aufenthaltserlaubnis;99010019020001;false;;;false;;true;;;true;;;;
147130000000;Leipzig;Sachsen;ausweis-verlust;99008001014002;false;;;false;;true;;;true;;;;
147130000000;Leipzig;Sachsen;bafoeg;99022001017003;true;landesweit;BAföG für ein Studium beantragen;false;;false;https://www.bafoeg-digital.de/;https://amt24.sachsen.de/leistung/-/sbw/id-6000701-leistung-0;false;Landesdirektion Sachsen. 16.09.2025 (Quelle: Bundesministerium für Bildung und Forschung);2025-09-16;2026-07-09T19:03:44.279Z;
147130000000;Leipzig;Sachsen;bauantrag;99012070006001;true;landesweit;Baugenehmigung im vereinfachten Verfahren beantragen;false;;false;https://sn.digitalebaugenehmigung.de/leipzig/de/vereinfachtes-baugenehmigungsverfahren.html;https://amt24.sachsen.de/leistung/-/sbw/id-6005455-leistung-0;false;Sächsisches Staatsministerium für Infrastruktur und Landesentwicklung . 10.07.2026;2026-07-10;2026-07-21T19:01:12.894Z;
147130000000;Leipzig;Sachsen;baumfaellgenehmigung;99090023276000;true;landesweit;Gehölzschnitt und Baumfällen beantragen;false;;false;https://amt24.sachsen.de/onlineantraege/onlineantrag?prozessKey=m6000541.KOMM24Baumfaellung&leistungId=6002339&ars=147130000000;https://amt24.sachsen.de/leistung/-/sbw/id-6000946-leistung-0;false;Sächsisches Staatsministerium für Umwelt und Landwirtschaft. 09.07.2026;2026-07-09;2026-07-09T19:02:43.840Z;
147130000000;Leipzig;Sachsen;bauvoranfrage;99012068006000;true;kommunal;Antrag auf Erteilung einer bauhygienischen Auskunft zu Lebensmittelbetrieben;false;35 / 700;false;https://amt24.sachsen.de/onlineantraege/onlineantrag?prozessKey=m6000541.LeipzigBauhygiene&leistungId=6006895&ars=147130000000;https://amt24.sachsen.de/leistung/-/sbw/id-6006895-leistung-0;false;Fachamt 29.04.2025;2025-04-29;2026-07-30T19:01:05.191Z;
147130000000;Leipzig;Sachsen;bewohnerparkausweis;99108001001000;true;landesweit;Parkausweis für Bewohner beantragen;false;30.7 / 15;false;https://amt24.sachsen.de/onlineantraege/onlineantrag?prozessKey=m6000541.LeipzigBewohnerparken&leistungId=6002041&ars=147130000000;https://amt24.sachsen.de/leistung/-/sbw/id-6000319-leistung-0;false;Sächsisches Staatsministerium für Infrastruktur und Landesentwicklung. 24.11.2025;2025-11-24;2026-06-30T19:14:13.265Z;
147130000000;Leipzig;Sachsen;buergergeld;99107108017000;true;landesweit;Grundsicherungsgeld beantragen (vormals Bürgergeld / Arbeitslosengeld II / Sozialgeld);false;;false;;https://amt24.sachsen.de/leistung/-/sbw/id-6000317-leistung-0;false;Sächsisches Staatsministerium für Soziales, Gesundheit und Gesellschaftlichen Zusammenhalt. 01.07.2026;2026-07-01;2026-08-16T19:05:38.975Z;
147130000000;Leipzig;Sachsen;ehefaehigkeitszeugnis;99059002012000;true;landesweit;Ehefähigkeitszeugnis beantragen (für Eheschließung im Ausland);false;65;false;;https://amt24.sachsen.de/leistung/-/sbw/id-6000977-leistung-0;false;Sächsisches Staatsministerium des Innern. 06.12.2021;2021-12-06;2026-06-18T19:09:39.131Z;
147130000000;Leipzig;Sachsen;eheschliessung;99059001104000;true;landesweit;Eheschließung beim Standesamt anmelden;false;;false;;https://amt24.sachsen.de/leistung/-/sbw/id-6000103-leistung-0;false;Sächsisches Staatsministerium des Innern. 06.12.2021;2021-12-06;2026-06-18T19:09:07.522Z;
147130000000;Leipzig;Sachsen;eid-online-ausweisfunktion;99008004180000;false;;;false;;true;;;true;;;;
147130000000;Leipzig;Sachsen;einbuergerung;99099002067000;true;landesweit;Einbürgerungsantrag stellen;false;;false;;https://amt24.sachsen.de/leistung/-/sbw/id-6000849-leistung-0;false;Sächsisches Staatsministerium des Innern. 21.11.2024;2024-11-21;2026-09-25T19:15:56.620Z;
147130000000;Leipzig;Sachsen;einkommensteuererklaerung;99102008002000;true;landesweit;Kinderbetreuungskosten geltend machen;false;;false;;https://amt24.sachsen.de/leistung/-/sbw/id-6000094-leistung-0;false;Sächsisches Staatsministerium der Finanzen. 01.02.2026;2026-02-01;2026-06-18T19:11:59.597Z;
147130000000;Leipzig;Sachsen;elterngeld;99041006017000;true;landesweit;Elterngeld beantragen;false;;false;https://www.elterngeld.sachsen.de/Elterngeld-Onlineantrag/;https://amt24.sachsen.de/leistung/-/sbw/id-6000384-leistung-0;false;Sächsisches Staatsministerium für Soziales, Gesundheit ud Gesellschaftlichen Zusammenhalt. 08.09.2025;2025-09-08;2026-06-18T19:14:09.739Z;
147130000000;Leipzig;Sachsen;fischereischein;99042001012000;true;landesweit;Fischereischein beantragen;false;;false;https://amt24.sachsen.de/onlineantraege/onlineantrag?prozessKey=m6000218.Fischereischeinbeantragen&leistungId=6001041&ars=147130000000;https://amt24.sachsen.de/leistung/-/sbw/id-6001041-leistung-0;false;Sächsisches Landesamt für Umwelt, Landwirtschaft und Geologie. 28.10.2025;2025-10-28;2026-06-18T19:11:27.428Z;
147130000000;Leipzig;Sachsen;fuehrerschein-ersterteilung;99108047001001;true;landesweit;Fahrerlaubnis, erstmalige Erteilung beantragen;false;49.79 / 48.99 / 28.6 / 32.5;false;https://portal-civ-efa.ekom21.de/civ-efa-fsa.public/start.html?oe=00.00.FS.14.L&mode=cc&cc_key=Fahrerlaubnisantrag;https://amt24.sachsen.de/leistung/-/sbw/id-6000196-leistung-0;false;Sächsisches Landesamt für Straßenbau und Verkehr. 21.01.2025;2025-01-21;2026-07-09T19:19:32.200Z;
147130000000;Leipzig;Sachsen;fuehrerschein-umtausch;99108049012001;true;landesweit;Führerschein, alte Dokumente gegen einen EU-Führerschein umtauschen;false;;false;;https://amt24.sachsen.de/leistung/-/sbw/id-6000175-leistung-0;false;Sächsisches Landesamt für Straßenbau und Verkehr. 08.06.2026;2026-06-08;2026-07-09T19:19:14.921Z;
147130000000;Leipzig;Sachsen;fuehrerschein-verlust;99108049012005;true;landesweit;Führerschein bei Verlust ersetzen;false;;false;;https://amt24.sachsen.de/leistung/-/sbw/id-6000166-leistung-0;false;Sächsisches Landesamt für Straßenbau und Verkehr. 04.06.2024;2024-06-04;2026-09-16T19:15:29.402Z;
147130000000;Leipzig;Sachsen;fuehrungszeugnis;99049001001000;true;landesweit;Führungszeugnis beantragen;false;;false;https://www.fuehrungszeugnis.bund.de/ffw;https://amt24.sachsen.de/leistung/-/sbw/id-6000880-leistung-0;false;vorläufig freigegeben durch: Sächsische Staatskanzlei, Redaktion Amt24. 02.07.2026;2026-07-02;2026-07-02T19:11:26.395Z;
147130000000;Leipzig;Sachsen;gaststaettenerlaubnis;99025002005000;false;;;false;;true;;;true;;;;
147130000000;Leipzig;Sachsen;geburtsurkunde;99027002012000;true;landesweit;Internationale Geburtsurkunde anfordern;false;;false;https://amt24.sachsen.de/onlineantraege/onlineantrag?prozessKey=m6000541.LeipzigGeburtsurkunde&leistungId=6004373&ars=147130000000;https://amt24.sachsen.de/leistung/-/sbw/id-6000029-leistung-0;false;Sächsisches Staatsministerium des Innern. 09.02.2026;2026-02-09;2026-06-18T19:13:39.993Z;
147130000000;Leipzig;Sachsen;gewerbeabmeldung;99050012070000;true;landesweit;Gewerbe abmelden;false;22 / 112;false;https://amt24.sachsen.de/onlineantraege/onlineantrag?prozessKey=m6000541.KOMM24Gewerbeanzeige&leistungId=6003331&ars=147130000000;https://amt24.sachsen.de/leistung/-/sbw/id-6000133-leistung-0;false;Sächsisches Staatsministerium für Wirtschaft, Arbeit, Energie und Klimaschutz. 27.05.2026;2026-05-27;2026-07-09T19:10:33.512Z;
147130000000;Leipzig;Sachsen;gewerbeanmeldung;99050012104000;true;landesweit;Gewerbe anmelden;false;22 / 112;false;https://amt24.sachsen.de/onlineantraege/onlineantrag?prozessKey=m6000541.KOMM24Gewerbeanzeige&leistungId=6003333&ars=147130000000;https://amt24.sachsen.de/leistung/-/sbw/id-6000176-leistung-0;false;Sächsisches Staatsministerium für Wirtschaft, Arbeit, Energie und Klimaschutz. 20.03.2026;2026-03-20;2026-06-18T19:09:11.640Z;
147130000000;Leipzig;Sachsen;gewerbesteuer;99102010002000;false;;;false;;true;;;true;;;;
147130000000;Leipzig;Sachsen;gewerbeummeldung;99050012071000;true;landesweit;Gewerbe ummelden;false;22 / 112;false;https://amt24.sachsen.de/onlineantraege/onlineantrag?prozessKey=m6000541.KOMM24Gewerbeanzeige&leistungId=6003335&ars=147130000000;https://amt24.sachsen.de/leistung/-/sbw/id-6000881-leistung-0;false;Sächsisches Staatsministerium für Wirtschaft, Arbeit, Energie und Klimaschutz. 20.03.2026;2026-03-20;2026-06-18T19:11:41.151Z;
147130000000;Leipzig;Sachsen;gewerbezentralregister;99052002109000;true;landesweit;Gewerbezentralregister, Auszug beantragen;false;13;false;https://www.fuehrungszeugnis.bund.de/ffw/form/display.do?%2524context=D2E89EA47CFFBC97139A;https://amt24.sachsen.de/leistung/-/sbw/id-6000191-leistung-0;false;Sächsisches Staatsministerium für Wirtschaft, Arbeit, Energie und Klimaschutz. 01.12.2025;2025-12-01;2026-06-18T19:09:03.039Z;
147130000000;Leipzig;Sachsen;grundsteuer;99102012002000;true;landesweit;Grundsteuer, Änderungen anzeigen;false;;false;;https://amt24.sachsen.de/leistung/-/sbw/id-6005825-leistung-0;false;Sächsisches Staatsministerium der Finanzen. 22.05.2026;2026-05-22;2026-07-09T19:18:49.100Z;
147130000000;Leipzig;Sachsen;halteverbotszone;99108011153000;true;landesweit;Halteverbot für Umzugstransporte beantragen;false;;false;https://amt24.sachsen.de/onlineantraege/onlineantrag?prozessKey=m6000541.LeipzigHalteverbotUmzug&leistungId=6001993&ars=147130000000;https://amt24.sachsen.de/leistung/-/sbw/id-6000913-leistung-0;false;Sächsisches Staatsministerium für Wirtschaft, Arbeit und Verkehr. 05.08.2022;2022-08-05;2026-07-09T19:14:24.170Z;
147130000000;Leipzig;Sachsen;hundesteuer;99102013104000;true;kommunal;Hundesteuer - Antragskomplex Stadt Leipzig;false;;false;https://amt24.sachsen.de/onlineantraege/onlineantrag?prozessKey=m6000541.LeipzigHundesteuerErmaessigungGechippterHunde&leistungId=6008243&ars=147130000000;https://amt24.sachsen.de/leistung/-/sbw/id-6008243-leistung-0;false;Stadt Leipzig. 28.11.2025 (Eingabe Amt24);2025-11-28;2026-07-30T19:07:48.110Z;
147130000000;Leipzig;Sachsen;internationaler-fuehrerschein;99108062012000;true;landesweit;Internationalen Führerschein beantragen;false;;false;;https://amt24.sachsen.de/leistung/-/sbw/id-6000184-leistung-0;false;Sächsisches Landesamt für Straßenbau und Verkehr. 04.06.2024;2024-06-04;2026-07-06T19:04:02.605Z;
147130000000;Leipzig;Sachsen;jagdschein;99067004001000;true;landesweit;Jagdschein beantragen;false;;false;https://amt24.sachsen.de/onlineantraege/onlineantrag?prozessKey=m6000541.KOMM24Jagdschein&leistungId=6006131&ars=147130000000;https://amt24.sachsen.de/leistung/-/sbw/id-6000827-leistung-0;false;Sächsisches Staatsministerium für Umwelt und Landwirtschaft. 13.02.2026;2026-02-13;2026-06-18T19:13:01.030Z;
147130000000;Leipzig;Sachsen;kfz-abmeldung;99036026017000;true;landesweit;Fahrzeug online an-, um- oder abmelden (Internetbasierte Fahrzeugzulassung i-Kfz);false;;false;https://ikfz.ikfz-sachsen.de/i4/ikfz4/?LICENSEIDENTIFIER=leipzig_stadt;https://amt24.sachsen.de/leistung/-/sbw/id-6002155-leistung-0;false;Sächsische Staatskanzlei, Redaktion Amt24. 16.08.2024;2024-08-16;2026-06-18T19:05:36.308Z;
147130000000;Leipzig;Sachsen;kfz-zulassung;99036020001000;true;landesweit;Fahrzeug-Erstzulassung beantragen;false;;false;;https://amt24.sachsen.de/leistung/-/sbw/id-6000474-leistung-0;false;Sächsisches Staatsministerium für Infrastruktur und Landesentwicklung. 27.10.2025;2025-10-27;2026-06-18T19:05:38.436Z;
147130000000;Leipzig;Sachsen;kindergeld;99041008017000;true;landesweit;Kindergeld beantragen;false;;false;https://web.arbeitsagentur.de/opal/kgo-antraggeburt-ui/auswahl;https://amt24.sachsen.de/leistung/-/sbw/id-6000025-leistung-0;false;Familienkasse der Bundesagentur für Arbeit - Familienkasse Sachsen. 05.03.2025;2025-03-05;2026-06-18T19:08:53.064Z;
147130000000;Leipzig;Sachsen;meldebescheinigung;99115003012000;true;landesweit;Wohnsitz – alleinige Wohnung oder Hauptwohnung anmelden;false;;false;https://wohnsitzanmeldung.gov.de/;https://amt24.sachsen.de/leistung/-/sbw/id-6007623-leistung-0;false;Sächsisches Staatsministerium des Innern. 21.08.2025;2025-08-21;2026-09-22T19:12:40.824Z;
147130000000;Leipzig;Sachsen;mutterschutz;99107018017001;true;bundesweit;Mutterschaftsgeld als gesetzlich Krankenversicherte beantragen;false;;false;https://bundesportal.gkv-spitzenverband.de/?ID=21;https://fimportal.de/detail/L/99107018017001;false;Bundesministerium für Gesundheit (BMG);2025-08-13;2025-12-01T13:47:52.297Z;
147130000000;Leipzig;Sachsen;niederlassungserlaubnis;99010003001013;false;;;false;;true;;;true;;;;
147130000000;Leipzig;Sachsen;personalausweis;99008001012000;true;landesweit;Personalausweis oder vorläufigen Personalausweis beantragen;false;;false;;https://amt24.sachsen.de/leistung/-/sbw/id-6000021-leistung-0;false;Sächsisches Staatsministerium des Innern. 17.04.2026;2026-04-17;2026-06-18T19:02:18.214Z;
147130000000;Leipzig;Sachsen;personenstandsurkunde;99059004012000;true;landesweit;Eheurkunde anfordern (Eheschließung in Deutschland);false;;false;https://amt24.sachsen.de/onlineantraege/onlineantrag?prozessKey=m6000541.LeipzigEheurkunde&leistungId=6004369&ars=147130000000;https://amt24.sachsen.de/leistung/-/sbw/id-6000876-leistung-0;false;Sächsisches Staatsministerium des Innern. 09.02.2026;2026-02-09;2026-06-18T19:07:24.514Z;
147130000000;Leipzig;Sachsen;reisegewerbekarte;99050023005000;true;landesweit;Reisegewerbe, Erlaubnis (Reisegewerbekarte) beantragen;false;;false;;https://amt24.sachsen.de/leistung/-/sbw/id-6000356-leistung-0;false;Sächisches Staatsministerium für Wirtschaft, Arbeit, Energie und Klimaschutz. 16.07.2025;2025-07-16;2026-06-18T19:11:49.826Z;
147130000000;Leipzig;Sachsen;reisepass;99085001012000;true;landesweit;Reisepass oder vorläufigen Reisepass beantragen;false;;false;;https://amt24.sachsen.de/leistung/-/sbw/id-6000012-leistung-0;false;Sächsisches Staatsministerium des Innern. 02.06.2025;2025-06-02;2026-06-18T19:13:28.978Z;
147130000000;Leipzig;Sachsen;rente-altersrente;99114045017001;true;landesweit;Regelaltersrente beantragen;false;;false;;https://amt24.sachsen.de/leistung/-/sbw/id-6000755-leistung-0;false;Sächsisches Staatsministerium für Soziales, Gesundheit und Gesellschaftlichen Zusammenhalt. 21.07.2025;2025-07-21;2026-06-18T19:15:06.782Z;
147130000000;Leipzig;Sachsen;schuelerbefoerderung;99088011039000;false;;;false;;true;;;true;;;;
147130000000;Leipzig;Sachsen;schwerbehindertenausweis;99015007012000;true;landesweit;Schwerbehindertenausweis beantragen;false;;false;https://amt24.sachsen.de/onlineantraege/onlineantrag?prozessKey=m6000541.KOMM24Schwerbehindertenausweis&leistungId=6007579&ars=147130000000;https://amt24.sachsen.de/leistung/-/sbw/id-6001117-leistung-0;false;Sächsisches Staatsministerium für Soziales, Gesundheit und Gesellschaftlichen Zusammenhalt. 25.03.2025;2025-03-25;2026-07-09T19:00:30.628Z;
147130000000;Leipzig;Sachsen;schwerbehindertenparkausweis;99108009012000;true;landesweit;Parkausweis für schwerbehinderte Menschen beantragen;false;30 / 15;false;;https://amt24.sachsen.de/leistung/-/sbw/id-6000005-leistung-0;false;Sächsisches Staatsministerium für Wirtschaft, Arbeit und Verkehr. 08.02.2024;2024-02-08;2026-06-18T19:11:13.271Z;
147130000000;Leipzig;Sachsen;sondernutzungserlaubnis;99053004006000;false;;;false;;true;;;true;;;;
147130000000;Leipzig;Sachsen;sozialhilfe;99107009017000;true;landesweit;Grundsicherung im Alter und bei Erwerbsminderung beantragen;false;;false;;https://amt24.sachsen.de/leistung/-/sbw/id-6000339-leistung-0;false;Sächsisches Staatsministerium für Soziales, Gesundheit und gesellschaftlichen Zusammenhalt. 30.06.2026;2026-06-30;2026-07-09T19:18:11.790Z;
147130000000;Leipzig;Sachsen;sterbefall;99101004012000;true;landesweit;Sterbeurkunde anfordern;false;;false;https://amt24.sachsen.de/onlineantraege/onlineantrag?prozessKey=m6000541.LeipzigSterbeurkunde&leistungId=6004377&ars=147130000000;https://amt24.sachsen.de/leistung/-/sbw/id-6000897-leistung-0;false;Sächsisches Staatsministerium des Innern. 31.12.2021;2021-12-31;2026-06-18T19:09:57.489Z;
147130000000;Leipzig;Sachsen;steuer-identifikationsnummer;99102064058000;true;bundesweit;Steuerliche Identifikationsnummer (IdNr) oder Kirchensteuerabzugsmerkmal (KiStAM) anfragen;false;;false;https://www.elster.de/bportal/start;https://fimportal.de/detail/L/99102064058000;false;Bundesministerium der Finanzen (BMF) im Auftrag des Einheitlichen Ansprechpartners der Länder (EAP);2022-03-03;2025-09-09T09:53:31.045Z;
147130000000;Leipzig;Sachsen;steuerliche-erfassung;99102019120000;true;landesweit;Steuerliche Erfassung (Vergabe einer Steuernummer);false;;false;https://www.elster.de/eportal/formulare-leistungen/alleformulare/fseeun;https://amt24.sachsen.de/leistung/-/sbw/id-6000553-leistung-0;false;Sächsisches Staatsministerium der Finanzen. 10.04.2026;2026-04-10;2026-07-21T19:00:27.647Z;
147130000000;Leipzig;Sachsen;unterhaltsvorschuss;99107021017000;true;landesweit;Unterhaltsvorschuss beantragen;false;;false;https://amt24.sachsen.de/onlineantraege/onlineantrag?prozessKey=m6000541.KOMM24Unterhaltsvorschuss&leistungId=6000036&ars=147130000000;https://amt24.sachsen.de/leistung/-/sbw/id-6000036-leistung-0;false;Sächsisches Staatsministerium für Soziales, Gesundheit und Gesellschaftlichen Zusammenhalt. 26.09.2025;2025-09-26;2026-09-25T19:06:16.037Z;
147130000000;Leipzig;Sachsen;vaterschaftsanerkennung;99133001026000;true;landesweit;Vaterschaftsanerkennung, Beurkundung durch einen Notar / eine Notarin;false;;false;;https://amt24.sachsen.de/leistung/-/sbw/id-6001000-leistung-0;false;Sächsisches Staatsministerium der Justiz. 05.08.2026;2026-08-05;2026-09-29T19:10:50.744Z;
147130000000;Leipzig;Sachsen;veranstaltung-anmelden;99089016008000;true;landesweit;Versammlung anzeigen;false;;false;https://amt24.sachsen.de/onlineantraege/onlineantrag?prozessKey=m6000541.LeipzigVersammlungsanzeige&leistungId=6005831&ars=147130000000;https://amt24.sachsen.de/leistung/-/sbw/id-6003357-leistung-0;false;Sächsisches Staatsministerium des Innern. 16.09.2024;2024-09-16;2026-07-09T19:08:51.073Z;
147130000000;Leipzig;Sachsen;verpflichtungserklaerung;99010005261000;true;landesweit;Verpflichtungserklärung für ausländische Gäste abgeben;false;29;false;https://www.leipzig.de/service-portal/dienstleistung/pruefung-des-antrages-und-entgegennahme-einer-verpflichtungserklaerung-5ab25a2b00b09;https://amt24.sachsen.de/leistung/-/sbw/id-6000956-leistung-0;false;Sächsisches Staatsministerium des Innern. 08.05.2025;2025-05-08;2026-09-25T19:15:08.181Z;
147130000000;Leipzig;Sachsen;wohnberechtigungsschein;99107022012000;true;landesweit;Wohnberechtigungsschein beantragen;false;;false;https://formulare.leipzig.de/frontend-server/form/provide/1556/;https://amt24.sachsen.de/leistung/-/sbw/id-6000892-leistung-0;false;Sächsisches Staatsministerium für Infrastruktur und Landesentwicklung. 12.01.2026;2026-01-12;2026-06-18T19:07:57.802Z;
147130000000;Leipzig;Sachsen;wohngeld;99107023037000;true;landesweit;Wohngeld beantragen;false;;false;https://amt24.sachsen.de/onlineantraege/onlineantrag?prozessKey=m6000541.KOMM24Wohngeld&leistungId=6000071&ars=147130000000;https://amt24.sachsen.de/leistung/-/sbw/id-6000071-leistung-0;false;Sächsisches Staatsministerium für Infrastrukur und Landesentwicklung. 01.07.2026;2026-07-01;2026-06-26T19:16:18.638Z;
147130000000;Leipzig;Sachsen;wohnsitz-abmeldung;99115005070000;true;landesweit;Abmeldung bei der Meldebehörde (Nebenwohnung, Umzug ins Ausland);false;;false;https://voisonline.regioit.de/buergerdienste/app/m/leipzig/abmeldunghawaw;https://amt24.sachsen.de/leistung/-/sbw/id-6000886-leistung-0;false;Sächsisches Staatsministerium des Innern. 20.08.2025;2025-08-20;2026-07-29T19:11:29.646Z;
147130000000;Leipzig;Sachsen;wohnsitz-anmeldung;99115005104001;true;landesweit;Wohnsitz – alleinige Wohnung oder Hauptwohnung anmelden;false;;false;https://wohnsitzanmeldung.gov.de/;https://amt24.sachsen.de/leistung/-/sbw/id-6007623-leistung-0;false;Sächsisches Staatsministerium des Innern. 21.08.2025;2025-08-21;2026-09-22T19:10:02.301Z;
147130000000;Leipzig;Sachsen;wohnungsgeberbestaetigung;99115005104000;true;landesweit;Wohnsitz – alleinige Wohnung oder Hauptwohnung anmelden;false;;false;https://wohnsitzanmeldung.gov.de/;https://amt24.sachsen.de/leistung/-/sbw/id-6007623-leistung-0;false;Sächsisches Staatsministerium des Innern. 21.08.2025;2025-08-21;2026-09-22T19:09:58.074Z;
147130000000;Leipzig;Sachsen;wunschkennzeichen;99036049069000;true;landesweit;Wunschkennzeichen beantragen;false;;false;https://kennzeichen.leipzig.de/wkz/?LICENSEIDENTIFIER=leipzig_stadt;https://amt24.sachsen.de/leistung/-/sbw/id-6000322-leistung-0;false;Sächsisches Staatsministerium für Wirtschaft, Arbeit und Verkehr. 16.08.2024;2024-08-16;2026-06-18T19:06:07.022Z;
147130000000;Leipzig;Sachsen;zweitwohnungsteuer;99102017002000;true;landesweit;Zweitwohnungssteuer zahlen;false;;false;https://amt24.sachsen.de/onlineantraege/onlineantrag?prozessKey=m6000541.LeipzigZweitwohnungssteuer&leistungId=6000751&ars=147130000000;https://amt24.sachsen.de/leistung/-/sbw/id-6000751-leistung-0;false;Sächsisches Staatsministerium des Innern. 18.05.2026;2026-05-18;2026-07-09T19:12:16.966Z;
